,RF_Global,RF_Faixa1,RF_Faixa2,RF_Faixa3
2019-05-19 11:00:00,2.7794669568880046,,2.7838699810923515,
2019-05-19 12:00:00,4.068661589771119,,,4.088684478019977
2019-05-19 13:00:00,4.7799262759484815,,,4.811936236111112
2019-05-19 14:00:00,2.9448218444755163,,2.9350602089013167,
2019-05-19 15:00:00,2.8033538895604364,,2.8126796822346503,
2019-05-19 16:00:00,1.6825724561286657,1.6883641202609414,,
2019-05-19 17:00:00,0.6754762730179295,0.6755854193580404,,
2019-05-20 05:00:00,0.5540733920184551,0.5518346797149103,,
2019-05-20 06:00:00,0.5772384933525736,0.578263622799423,,
2019-05-20 07:00:00,0.45523911681497436,0.4534487573920798,,
2019-05-20 08:00:00,0.8308274328282826,0.8355671747066858,,
2019-05-20 09:00:00,1.6520048941114895,1.6499813883516667,,
2019-05-20 10:00:00,3.1651590943138275,,3.158602385562647,
2019-05-20 11:00:00,5.567304431670163,,,5.612883127912705
2019-05-20 12:00:00,5.1377094763208575,,,5.1463058055113535
2019-05-20 13:00:00,5.101298224890466,,,5.095350674531329
2019-05-20 14:00:00,4.091270196000973,,,4.0870829443439645
2019-05-20 15:00:00,2.9966515245484144,,2.9649543433778387,
2019-05-20 16:00:00,1.5101217262394813,1.5171876769162744,,
2019-05-20 17:00:00,0.710418261095665,0.7136444896878882,,
2019-05-20 18:00:00,0.43984111734045095,0.454171638129001,,
2019-05-21 05:00:00,0.4066675909260573,0.40751508056868785,,
2019-05-21 06:00:00,0.9547716985095351,0.9387774390572389,,
2019-05-21 07:00:00,0.8603424823686943,0.8580152718846662,,
2019-05-21 08:00:00,0.6798308095987359,0.6802504560134061,,
2019-05-21 09:00:00,1.4279764327241389,1.4361989049421289,,
2019-05-21 10:00:00,0.7910426373618854,0.7971409371917793,,
2019-05-21 11:00:00,1.5225021987037042,1.5361176806804004,,
2019-05-21 12:00:00,1.0493197921386743,1.0520676761746321,,
2019-05-21 13:00:00,1.0276942380255547,1.0263703838235902,,
2019-05-21 14:00:00,1.695603906549571,1.694614777793727,,
2019-05-21 15:00:00,0.4588920891525523,0.4662155140912856,,
2019-05-22 05:00:00,0.3654946906888981,0.3677264043675095,,
2019-05-22 06:00:00,0.3250744583333331,0.32677316333333317,,
2019-05-22 07:00:00,0.5041042117364113,0.5055810566125537,,
2019-05-22 08:00:00,0.47587232824885517,0.47938263360836636,,
2019-05-22 09:00:00,0.5547577451404693,0.5508269804502252,,
2019-05-22 10:00:00,0.5933760411813775,0.5998830619776195,,
2019-05-22 11:00:00,0.59266055378359,0.5964623507997134,,
2019-05-22 12:00:00,0.7896913736700337,0.7929360947619046,,
2019-05-22 13:00:00,0.6513649730320359,0.6698937361839971,,
2019-05-22 14:00:00,0.46361109031756265,0.4631776881818178,,
2019-05-22 16:00:00,0.38912123886512673,0.39238519741025535,,
2019-05-22 17:00:00,0.3460193853060046,0.3496552245482553,,
2019-05-23 04:00:00,0.3652452896301567,0.3635137932864359,,
2019-05-23 05:00:00,0.5980341348040094,0.5922881833838979,,
2019-05-23 06:00:00,1.1933276290959,1.1889265522114398,,
2019-05-23 07:00:00,2.4690817314853764,,2.4771769068370055,
2019-05-23 08:00:00,3.8734556392843524,,,3.987531540423261
2019-05-23 09:00:00,5.069997472732624,,,5.074278048587982
2019-05-23 10:00:00,5.647695508169769,,,5.665945842007319
2019-05-23 11:00:00,5.730021627646421,,,5.8545673612967315
2019-05-23 12:00:00,5.829602041454159,,,5.868210728011909
2019-05-23 13:00:00,5.072690187480785,,,5.068559298350544
2019-05-23 14:00:00,3.742417758177575,,,3.7466781823680146
2019-05-23 15:00:00,2.7766663308864024,,2.7626331309237404,
2019-05-23 16:00:00,1.409209484179283,1.3990018259015233,,
2019-05-23 17:00:00,0.7119406539940134,0.7084117541851173,,
2019-05-23 18:00:00,0.4013124730972802,0.4011080882935557,,
2019-05-24 04:00:00,0.3265672466624715,0.31830960526228824,,
2019-05-24 05:00:00,0.39582212780314596,0.3980781604497355,,
2019-05-24 06:00:00,0.9507800563852511,0.9535862631051848,,
2019-05-24 07:00:00,2.454622973887809,,2.478804641943051,
2019-05-24 08:00:00,3.6610974073829077,,,3.6474417770745347
2019-05-24 09:00:00,3.656031398038674,,,3.6659518976354444
2019-05-24 10:00:00,2.4501149929498296,,2.456472856573264,
2019-05-24 11:00:00,1.0586899725604377,1.0631717605628779,,
2019-05-24 12:00:00,0.6865850447568453,0.6897716868037395,,
2019-05-24 13:00:00,0.5501692408686957,0.5497791795723995,,
2019-05-24 14:00:00,0.553945394075543,0.5537992574192089,,
2019-05-24 15:00:00,1.2544698506060603,1.2598984227777779,,
2019-05-24 16:00:00,1.2126234425775682,1.2196132953582182,,
2019-05-24 17:00:00,0.6671521828237179,0.6568676604277968,,
2019-05-25 04:00:00,0.4167373691558442,0.42116212087782606,,
2019-05-25 05:00:00,0.5459123655416911,0.5416054472703226,,
2019-05-25 06:00:00,0.9668257624494941,0.9638797902020193,,
2019-05-25 07:00:00,1.726885003737129,1.7319489878641132,,
2019-05-25 08:00:00,2.619599213544753,,2.640390178315804,
2019-05-25 09:00:00,3.0381970444459325,,3.059000133102202,
2019-05-25 10:00:00,3.8248270700352514,,,3.9420658805331987
2019-05-25 11:00:00,4.8381188611449355,,,4.894708670460576
2019-05-25 12:00:00,3.1657656642960808,,3.1866635390003695,
2019-05-25 13:00:00,5.328879335829741,,,5.338223311919773
2019-05-25 14:00:00,4.351006623829918,,,4.405138597571708
2019-05-25 15:00:00,3.406203396585886,,3.3928959531282232,
2019-05-25 16:00:00,1.4510138334933078,1.4504686581810946,,
2019-05-25 17:00:00,0.49152535668628317,0.4899748537479223,,
2019-05-26 06:00:00,0.5804363835028856,0.583231699386724,,
2019-05-26 07:00:00,0.3283885491174336,0.3287968066666667,,
2019-05-26 08:00:00,0.4997558124855695,0.500303074389129,,
2019-05-26 09:00:00,0.5550793304262933,0.5581900026844699,,
2019-05-26 10:00:00,0.9634725676480922,0.9668135496254412,,
2019-05-26 11:00:00,1.2114986928572096,1.216280283531122,,
2019-05-26 12:00:00,2.4106316286783542,,2.4134613287634545,
2019-05-26 13:00:00,2.0810854332818622,,2.0389193745642573,
2019-05-26 14:00:00,1.2796974287130092,1.2803114847998065,,
2019-05-26 15:00:00,0.5712984614458952,0.5730437903216992,,
2019-05-26 16:00:00,0.4441228317719111,0.4600804580815618,,
2019-05-27 06:00:00,0.8361408507002,0.8388528976918189,,
2019-05-27 07:00:00,1.0962088886880839,1.0949364268334767,,
2019-05-27 08:00:00,1.3862857402953752,1.3866455010615533,,
2019-05-27 09:00:00,3.0170870511042245,,3.0323567753223046,
2019-05-27 10:00:00,2.764796051574365,,2.7504775405112842,
2019-05-27 11:00:00,2.5625541562352043,,2.5666353129008836,
2019-05-27 12:00:00,1.89417211394546,,1.9111374272943806,
2019-05-27 13:00:00,1.6363582908233887,1.6403226999999998,,
2019-05-27 14:00:00,2.2088250353548236,,2.205507164380011,
2019-05-27 15:00:00,1.7779270769842315,1.78677628213031,,
2019-05-27 16:00:00,1.2647871340684722,1.2722062795735227,,
2019-05-27 17:00:00,0.6609811458071775,0.6572289397899858,,
2019-05-27 18:00:00,0.4364341506667295,0.44214807390790467,,
2019-05-28 05:00:00,0.35046978153406455,0.35112278851851836,,
2019-05-28 06:00:00,0.6548107029011168,0.6595756790810592,,
2019-05-28 07:00:00,1.6282122585178613,1.6205145848323994,,
2019-05-28 08:00:00,2.4707888596401166,,2.466468105681768,
2019-05-28 09:00:00,1.8026933661614482,1.8514245473787267,,
2019-05-28 10:00:00,2.591822239529187,,2.6084775889724807,
2019-05-28 11:00:00,2.6683313205969346,,2.6730589887305682,
2019-05-28 12:00:00,4.2209121736350905,,,4.312070952611806
2019-05-28 13:00:00,3.71433925308025,,,3.719113945891271
2019-05-28 14:00:00,2.747609572831974,,2.7318456949581233,
2019-05-28 15:00:00,2.6242925475085563,,2.610038114233455,
2019-05-28 16:00:00,1.6767514657811355,1.6715634185999777,,
2019-05-28 17:00:00,0.5492702924691709,0.5499299604033311,,
2019-05-29 04:00:00,0.3331544877435382,0.3307655828441101,,
2019-05-29 05:00:00,0.4406659948811892,0.4501617725606859,,
2019-05-29 06:00:00,1.1740595399544973,1.1564536727169639,,
2019-05-29 07:00:00,1.954390005219774,,1.9711435289868782,
2019-05-29 08:00:00,3.722828917340759,,,3.890193158401135
2019-05-29 09:00:00,4.619701438888892,,,4.767200179065257
2019-05-29 10:00:00,5.032763856893024,,,5.106879859663767
2019-05-29 11:00:00,5.036078170997843,,,5.2515025515534
2019-05-29 12:00:00,5.274019774336754,,,5.327942521881487
2019-05-29 13:00:00,4.630806574102537,,,4.6385509665206435
2019-05-29 14:00:00,2.54278186331652,,2.564466614991594,
2019-05-29 15:00:00,1.989781704787359,,1.9895498370206,
2019-05-29 16:00:00,0.9534652900908414,0.9508166827978844,,
2019-05-29 17:00:00,0.6985979563161274,0.6981126319497827,,
2019-05-29 18:00:00,0.2973027246935544,0.30194863112451675,,
2019-05-30 04:00:00,0.3751579191420721,0.3765930061587095,,
2019-05-30 05:00:00,0.6647020824766201,0.6630080503049031,,
2019-05-30 06:00:00,0.4485310485446636,0.44822333550664717,,
2019-05-30 07:00:00,0.8498713555467988,0.849521531036832,,
2019-05-30 08:00:00,0.8699217829813587,0.8585114996056915,,
2019-05-30 09:00:00,1.6653520263047366,1.6676517493050822,,
2019-05-30 10:00:00,1.640465176137804,1.6504827203933758,,
2019-05-30 11:00:00,1.138793906019832,1.1421162153281517,,
2019-05-30 12:00:00,1.2402676599999993,1.2490868715079362,,
2019-05-30 13:00:00,0.612342331729552,0.6293484613114081,,
2019-05-30 14:00:00,0.5117881388337056,0.5083984196884191,,
2019-05-30 15:00:00,0.32413980022753075,0.32736132827267816,,
2019-05-31 04:00:00,0.38459121843434346,0.3853996276515152,,
2019-05-31 06:00:00,0.4751382536868689,0.4736250968338146,,
2019-05-31 07:00:00,0.6736320416068595,0.6834445549704595,,
2019-05-31 08:00:00,1.5360803913917898,1.5583498279749992,,
2019-05-31 09:00:00,3.2642709172338957,,3.2724081239033493,
2019-05-31 10:00:00,5.151309007799096,,,5.161206996469591
2019-05-31 11:00:00,5.271146071097356,,,5.293725845068547
2019-05-31 12:00:00,5.347938461247264,,,5.359346726400601
2019-05-31 13:00:00,5.327515233274779,,,5.33811945276944
2019-05-31 14:00:00,4.337079162037494,,,4.389033955319165
2019-05-31 15:00:00,2.4009781293104364,,2.3922483083333312,
2019-05-31 16:00:00,1.6146410739899,1.5982990227111873,,
2019-05-31 17:00:00,0.49523792064186145,0.49224885391118833,,
2019-06-01 04:00:00,0.38972974827397633,0.39087727243779974,,
2019-06-01 05:00:00,0.4295872270553683,0.4314768768403486,,
2019-06-01 06:00:00,0.5137151286081706,0.5084064635906684,,
2019-06-01 07:00:00,0.9624542456561107,0.9609519488562818,,
2019-06-01 08:00:00,1.6099743376262643,1.62992797043846,,
2019-06-01 09:00:00,2.991694492648013,,2.9828107029440423,
2019-06-01 10:00:00,2.88706734337062,,2.8848308822075692,
2019-06-01 11:00:00,1.2493711381481487,1.248083957592593,,
2019-06-01 12:00:00,1.6162373923920714,1.6319411953741159,,
2019-06-01 13:00:00,2.2423285028352615,,2.2381445234584323,
2019-06-01 14:00:00,2.8340829399784284,,2.815411348784487,
2019-06-01 15:00:00,1.9394103758412902,,1.9723494428116117,
2019-06-01 16:00:00,1.1124931685719703,1.1112033745982044,,
2019-06-01 17:00:00,0.5506071937551286,0.5483207138499624,,
2019-06-02 03:00:00,0.31991558416947363,0.31186338097210947,,
2019-06-02 04:00:00,0.4268370564294121,0.4285125519547168,,
2019-06-02 05:00:00,0.7470770467633391,0.7481267336845525,,
2019-06-02 06:00:00,1.2748452146464644,1.283871741161616,,
2019-06-02 07:00:00,2.2952143200636037,,2.2542827837461066,
2019-06-02 08:00:00,2.783997998253581,,2.726732549842305,
2019-06-02 09:00:00,4.111593084546603,,,4.137309821879677
2019-06-02 10:00:00,4.164024582405794,,,4.158661638821565
2019-06-02 11:00:00,4.677469441666671,,,4.77799841871743
2019-06-02 12:00:00,5.494541919337474,,,5.561333407984412
2019-06-02 13:00:00,4.2467085030611536,,,4.2752663537206415
2019-06-02 14:00:00,3.647605451758894,,,3.620351759882546
2019-06-02 15:00:00,3.0191782968311442,,3.010750132864979,
2019-06-02 16:00:00,1.590662131965614,1.5906200569036373,,
2019-06-02 17:00:00,0.5164802706270091,0.5154511739321826,,
2019-06-02 18:00:00,0.4584375090743185,0.4674589375765634,,
2019-06-03 04:00:00,0.40805174545876427,0.4087231920040939,,
2019-06-03 05:00:00,0.6826318777777775,0.6794104205054095,,
2019-06-03 06:00:00,1.0710680135435213,1.0743013564616952,,
2019-06-03 07:00:00,2.449463581449015,,2.440295178265313,
2019-06-03 08:00:00,3.213391018203348,,3.194337208197302,
2019-06-03 09:00:00,1.930415283785174,,1.93226568901848,
2019-06-03 10:00:00,1.3278169185531126,1.3207240818702581,,
2019-06-03 11:00:00,3.1439637266854676,,3.1342946322228555,
2019-06-03 12:00:00,1.9732513615941587,,1.9842752472247052,
2019-06-03 13:00:00,1.4766849545826881,1.4856958665176765,,
2019-06-03 14:00:00,2.1404692355454897,,2.1315699808470896,
2019-06-03 15:00:00,1.7696498052509082,1.7628282168180076,,
2019-06-03 16:00:00,0.8124469490007641,0.8153803954073543,,
2019-06-03 17:00:00,0.35357512841448524,0.35093811266673713,,
2019-06-04 04:00:00,0.31801513933767417,0.31264831973003493,,
2019-06-04 05:00:00,0.5727174377236459,0.5752648569914031,,
2019-06-04 06:00:00,1.145600166530243,1.1372767632664762,,
2019-06-04 07:00:00,2.3740014855112026,,2.388677893270773,
2019-06-04 08:00:00,3.6478337869828397,,,3.635417894264777
2019-06-04 09:00:00,4.631887266838584,,,4.67804918002331
2019-06-04 10:00:00,3.674080068584236,,,3.6632452056864135
2019-06-04 11:00:00,5.560442421468446,,,5.615373020677452
2019-06-04 12:00:00,3.5103411795794313,,,3.537861193677679
2019-06-04 13:00:00,3.3430627277777787,,3.3566233906735565,
2019-06-04 14:00:00,1.7817122088081627,1.7761300656369483,,
2019-06-04 15:00:00,1.1770499798231744,1.1793465750746577,,
2019-06-04 16:00:00,1.3299837509185326,1.3397437796057838,,
2019-06-04 17:00:00,0.6264786890483028,0.6308579334174608,,
2019-06-04 18:00:00,0.3995706408177418,0.39804218448770584,,
2019-06-05 03:00:00,0.3150926770269009,0.3160368352811257,,
2019-06-05 04:00:00,0.45971142307314383,0.4601314915232945,,
2019-06-05 05:00:00,0.5313727601754165,0.5299696188292539,,
2019-06-05 06:00:00,0.865307817807624,0.8688323068916027,,
2019-06-05 07:00:00,2.3254628388888863,,2.322574441666665,
2019-06-05 08:00:00,3.483259712029847,,,3.5698484080867194
2019-06-05 09:00:00,4.527462069858185,,,4.525977912723945
2019-06-05 10:00:00,5.024917859308495,,,5.232638349717835
2019-06-05 11:00:00,5.3488596362242,,,5.414483560208015
2019-06-05 12:00:00,5.266619211032877,,,5.276046937282316
2019-06-05 13:00:00,4.751793500000002,,,4.723430983333333
2019-06-05 14:00:00,3.969341272065821,,,3.9693548164973556
2019-06-05 15:00:00,2.812689794203396,,2.904938800398091,
2019-06-05 16:00:00,1.587550415209888,1.605458929857502,,
2019-06-05 17:00:00,0.5982226774640192,0.6035852492171024,,
2019-06-05 18:00:00,0.3051300757938449,0.3031842530331669,,
2019-06-06 04:00:00,0.32262972758048103,0.3250814118992266,,
2019-06-06 05:00:00,0.4730395975855797,0.48202879249419267,,
2019-06-06 06:00:00,0.9876354203703707,0.9906890457051847,,
2019-06-06 07:00:00,2.3250643174790833,,2.328047266666666,
2019-06-06 08:00:00,3.6300732456009346,,,3.627510468151243
2019-06-06 09:00:00,4.43348581763294,,,4.454438710296153
2019-06-06 10:00:00,5.056733323156462,,,5.217693561854963
2019-06-06 11:00:00,5.610667553980534,,,5.656767992590258
2019-06-06 12:00:00,5.550201983240275,,,5.579860791092035
2019-06-06 13:00:00,5.075749678310697,,,5.075028480783967
2019-06-06 14:00:00,3.422818936272785,,3.4081097194945884,
2019-06-06 15:00:00,0.9666930210765656,0.9589266627743832,,
2019-06-07 05:00:00,0.36630254229688497,0.37825984394179907,,
2019-06-07 06:00:00,0.6732403147409542,0.6773309393514125,,
2019-06-07 07:00:00,0.7842106570647377,0.7850072052617588,,
2019-06-07 08:00:00,0.9393679748989899,0.9384680431818182,,
2019-06-07 09:00:00,1.162870968140749,1.1579736107581724,,
2019-06-07 10:00:00,1.951934576886034,,1.9541311841415527,
2019-06-07 11:00:00,2.431876912060234,,2.4396467691024166,
2019-06-07 12:00:00,1.688812270540555,1.6862023708743143,,
2019-06-07 13:00:00,2.0107574658881493,,2.008698132902714,
2019-06-07 14:00:00,1.4544590208442667,1.451011419796549,,
2019-06-07 15:00:00,0.6818575644078217,0.6766487353330342,,
2019-06-07 16:00:00,0.5800345768927371,0.5816372714603131,,
2019-06-07 17:00:00,0.5147775177132449,0.512192592765487,,
2019-06-07 18:00:00,0.3218701346459488,0.3246659758366818,,
2019-06-08 07:00:00,0.8630233675671719,0.8670575994794958,,
2019-06-08 08:00:00,1.9753253753799855,,1.9911936476613465,
2019-06-08 09:00:00,3.0504088267994023,,3.063711764925836,
2019-06-08 10:00:00,2.5706722091297873,,2.6068374246385764,
2019-06-08 11:00:00,4.1184766071153565,,,4.140249648402501
2019-06-08 12:00:00,3.7364016833734324,,,3.723169819144955
2019-06-08 13:00:00,3.3436051762981354,,3.360759959818064,
2019-06-08 14:00:00,1.1783414543963842,1.1809841374199608,,
2019-06-08 15:00:00,0.9172232469776773,0.9201635612289575,,
2019-06-08 16:00:00,0.5417942990559982,0.5428248526480877,,
2019-06-08 17:00:00,0.6385573278371348,0.63834333718015,,
2019-06-09 04:00:00,0.4332098845486132,0.434038908080808,,
2019-06-09 05:00:00,0.7044378340395173,0.7068664526556144,,
2019-06-09 06:00:00,1.193855091877099,1.1880022477797723,,
2019-06-09 07:00:00,1.023924780909091,1.0215912713623598,,
2019-06-09 08:00:00,3.1763191434701503,,3.1694004404284577,
2019-06-09 09:00:00,2.186979709908753,,2.182060938623722,
2019-06-09 10:00:00,3.503638262603185,,3.5012624760622164,
2019-06-09 11:00:00,2.2390754477195216,,2.2253381274703075,
2019-06-09 12:00:00,4.2436767237749535,,,4.310898949163636
2019-06-09 13:00:00,1.7572971240505035,1.7531675484558615,,
2019-06-09 14:00:00,2.2253208135910842,,2.2131843412560044,
2019-06-09 15:00:00,2.466017939798079,,2.470541649834105,
2019-06-09 16:00:00,1.9969170514105756,,2.0129927340748592,
2019-06-09 17:00:00,0.8377085023481139,0.8395956081233672,,
2019-06-09 18:00:00,0.4394147084159679,0.44334674303167854,,
2019-06-10 05:00:00,0.32368889530972267,0.3271366146511664,,
2019-06-10 06:00:00,0.9192212814478112,0.9184898452272722,,
2019-06-10 07:00:00,1.2227066865918814,1.2224543541811017,,
2019-06-10 08:00:00,1.4502145504320467,1.458032859628322,,
2019-06-10 09:00:00,1.3206302308344393,1.3235864819768142,,
2019-06-10 10:00:00,1.9396867922589027,,1.9590032838489362,
2019-06-10 11:00:00,3.962265829226535,,,4.048926888529788
2019-06-10 12:00:00,2.2158617560355727,,2.2148616232569016,
2019-06-10 13:00:00,1.5024786546916074,1.51028732037037,,
2019-06-10 14:00:00,1.9693029792251113,,1.981234689581103,
2019-06-10 15:00:00,1.148930796564472,1.148357495136008,,
2019-06-10 16:00:00,0.941143234671279,0.9354678640067333,,
2019-06-10 17:00:00,0.8110438427248241,0.8118531567070315,,
2019-06-10 18:00:00,0.3605993186311271,0.3612668278968252,,
2019-06-11 05:00:00,0.47322923043771,0.4784668953785136,,
2019-06-11 06:00:00,0.40630735655080225,0.4063254848692815,,
2019-06-11 07:00:00,1.6837346693060038,1.701427566666667,,
2019-06-11 08:00:00,2.7064688839762545,,2.6999989819779797,
2019-06-11 09:00:00,3.967508311424409,,,4.047806988081006
2019-06-11 10:00:00,4.705277545392926,,,4.815614788325621
2019-06-11 11:00:00,5.51015783495507,,,5.515444828347858
2019-06-11 12:00:00,4.71930110281405,,,4.707708697222226
2019-06-11 13:00:00,3.05795613938122,,3.059278437882136,
2019-06-11 14:00:00,1.3240630618062972,1.3278991057458231,,
2019-06-11 15:00:00,0.3851175902976922,0.38775594089494625,,
2019-06-11 16:00:00,0.9900778839646469,0.9976046797138051,,
2019-06-11 17:00:00,0.46248171001089844,0.4664580481559489,,
2019-06-12 04:00:00,0.3414540903432616,0.34646358852783515,,
2019-06-12 05:00:00,0.4466348158247046,0.44940227535531035,,
2019-06-12 06:00:00,0.9808762248806058,0.9887385316259114,,
2019-06-12 07:00:00,2.264163097371294,,2.254174070267882,
2019-06-12 08:00:00,3.680003506919533,,,3.6626495811508812
2019-06-12 09:00:00,2.4225368785359023,,2.42054114324096,
2019-06-12 10:00:00,2.2157774307728846,,2.214802749600279,
2019-06-12 11:00:00,1.455521561725997,1.4577476300519114,,
2019-06-12 12:00:00,2.229172677613561,,2.2369763525053616,
2019-06-12 13:00:00,3.6733426032160135,,,3.6599098664190315
2019-06-12 14:00:00,2.6530675860073574,,2.65739824638731,
2019-06-12 15:00:00,2.1857698914603576,,2.184297246976589,
2019-06-12 16:00:00,1.553399507889357,1.5554627439372681,,
2019-06-12 17:00:00,0.7890860108955918,0.7867923760545161,,
2019-06-13 04:00:00,0.6671560236125879,0.6618667109017677,,
2019-06-13 05:00:00,0.687575138033053,0.6896358686200301,,
2019-06-13 06:00:00,1.2006624167285715,1.203634187534643,,
2019-06-13 07:00:00,2.280029752573501,,2.257749280968328,
2019-06-13 08:00:00,2.8906942455312583,,2.890353856123539,
2019-06-13 09:00:00,3.390093884872895,,3.415743319629745,
2019-06-13 10:00:00,4.1985041312152935,,,4.185522536244845
2019-06-13 11:00:00,4.777980488961431,,,4.781258995851468
2019-06-13 12:00:00,3.526749938016465,,,3.5372389850304518
2019-06-13 13:00:00,4.793255551443296,,,4.802350370392924
2019-06-13 14:00:00,2.7887472401273152,,2.7917730240067247,
2019-06-13 15:00:00,2.257820366152809,,2.228695752367115,
2019-06-13 16:00:00,0.934975155515971,0.9318460322697699,,
2019-06-13 17:00:00,0.6901864822557157,0.688167476296219,,
2019-06-14 04:00:00,0.3060162216008304,0.3067659525758862,,
2019-06-14 05:00:00,0.3760609565331892,0.3767658569285295,,
2019-06-14 06:00:00,0.850364240710282,0.8482792859588462,,
2019-06-14 07:00:00,2.293310228498017,,2.2908199861111074,
2019-06-14 08:00:00,3.6437802535282686,,,3.649963056471531
2019-06-14 09:00:00,4.642460612518137,,,4.704926323772019
2019-06-14 10:00:00,5.057654472649674,,,5.219319605678532
2019-06-14 11:00:00,5.586186776337705,,,5.651659256172057
2019-06-14 12:00:00,5.554277513288611,,,5.57051021421917
2019-06-14 13:00:00,5.135949188921581,,,5.1552791103006665
2019-06-14 14:00:00,3.054293382227042,,3.04630401863119,
2019-06-14 15:00:00,1.7853209257074447,1.7879806544636745,,
2019-06-14 16:00:00,0.6264939230329035,0.6337561689628476,,
2019-06-14 17:00:00,0.32692896531746,0.32660873814814795,,
2019-06-15 04:00:00,0.39490646079836944,0.3960564935893746,,
2019-06-15 05:00:00,0.8068143249388775,0.8130199203813757,,
2019-06-15 06:00:00,0.8556395457843772,0.8552273010685286,,
2019-06-15 07:00:00,0.6191839090234911,0.620860234206348,,
2019-06-15 08:00:00,0.8827128566471392,0.8842683011370608,,
2019-06-15 09:00:00,0.8934576404599527,0.8907442571940817,,
2019-06-15 13:00:00,1.6555450880991418,1.6486088478832819,,
2019-06-15 14:00:00,2.184509133556933,,2.1807304893775563,
2019-06-15 15:00:00,1.4930614492624514,1.4966777149473225,,
2019-06-15 16:00:00,0.9056035369589871,0.9064273919420583,,
2019-06-15 17:00:00,0.3538733490454979,0.34980249047619016,,
2019-06-16 05:00:00,0.5392855331982063,0.5414919430322613,,
2019-06-16 06:00:00,0.9987707440656562,0.9949918600565981,,
2019-06-16 07:00:00,2.1802172531491126,,2.187756900854257,
2019-06-16 08:00:00,3.764392618250105,,,3.759364437763133
2019-06-16 09:00:00,4.648174969444447,,,4.7856101250362695
2019-06-16 10:00:00,5.395986819309498,,,5.478294535417883
2019-06-16 11:00:00,5.722528630565447,,,5.847711327618442
2019-06-16 12:00:00,5.718707002361645,,,5.798505608366858
2019-06-16 13:00:00,5.3243039203815075,,,5.36598077103533
2019-06-16 14:00:00,3.421922586616717,,3.436806278030553,
2019-06-16 15:00:00,0.9162355290674782,0.916914941441773,,
2019-06-16 16:00:00,0.7176019618158679,0.7171370497427577,,
2019-06-16 17:00:00,0.7280675259556258,0.724521634447179,,
2019-06-16 18:00:00,0.3756399860889053,0.3807692089802137,,
2019-06-17 04:00:00,0.31230555772814095,0.31117182341939514,,
2019-06-17 05:00:00,0.38844319824382156,0.38138922202136866,,
2019-06-17 06:00:00,0.8761364465932299,0.8710487453027196,,
2019-06-17 07:00:00,2.274613926440482,,2.280903716666663,
2019-06-17 08:00:00,3.1969697905895647,,3.2108108012234844,
2019-06-17 09:00:00,2.661977377378816,,2.667991868373764,
2019-06-17 10:00:00,3.831454009083595,,,3.90288813618578
2019-06-17 11:00:00,4.306913150108824,,,4.328531723680088
2019-06-17 12:00:00,3.6558984198892874,,,3.648486447373274
2019-06-17 13:00:00,4.317292677922488,,,4.3071478707380715
2019-06-17 14:00:00,3.4685945213990266,,3.420245664139353,
2019-06-17 15:00:00,1.9640987484415084,,1.9701666207029733,
2019-06-17 16:00:00,1.101965205711684,1.096498032903917,,
2019-06-17 17:00:00,0.6657967570625886,0.6683705723092767,,
2019-06-17 18:00:00,0.3059898377012655,0.3086342015624761,,
2019-06-18 04:00:00,0.603968724235526,0.6117339808651883,,
2019-06-18 05:00:00,0.7262604744681187,0.7292691962190672,,
2019-06-18 06:00:00,1.0045400472222221,1.0040297042283717,,
2019-06-18 07:00:00,1.9913914657653935,,2.003214854279164,
2019-06-18 08:00:00,2.8654243233581917,,2.8353566164195683,
2019-06-18 09:00:00,3.9710690837562326,,,4.063943809900174
2019-06-18 10:00:00,4.192020980959214,,,4.203119879069519
2019-06-18 11:00:00,4.697943523170704,,,4.8141144031291585
2019-06-18 12:00:00,5.5578875212614,,,5.607174217799635
2019-06-18 13:00:00,5.096034382832192,,,5.085465042898217
2019-06-18 14:00:00,3.9916123814012057,,,4.0335535740601065
2019-06-18 15:00:00,2.5570981699112503,,2.580081966181083,
2019-06-18 16:00:00,1.2853451097605706,1.2959859637612094,,
2019-06-18 17:00:00,0.577236230191858,0.5860124501901971,,
2019-06-19 04:00:00,0.36084649118886797,0.3599627787331577,,
2019-06-19 05:00:00,0.5289891016097527,0.5257831329055895,,
2019-06-19 06:00:00,0.9371008901401403,0.9300195119191916,,
2019-06-19 07:00:00,2.228375098376908,,2.2098402026412627,
2019-06-19 08:00:00,3.3725603410786325,,3.360401264126166,
2019-06-19 09:00:00,3.373312228086811,,3.359817819681721,
2019-06-19 10:00:00,4.282751610871213,,,4.339481571982326
2019-06-19 11:00:00,4.698890311147383,,,4.6888957930736925
2019-06-19 12:00:00,5.502014308937772,,,5.530213170303159
2019-06-19 13:00:00,4.984008156828982,,,4.958869370594895
2019-06-19 14:00:00,4.183485958427975,,,4.190042565902306
2019-06-19 15:00:00,3.184184810458027,,3.1992377690525924,
2019-06-19 16:00:00,1.314082759528107,1.3145991527777772,,
2019-06-19 17:00:00,0.4427463207626621,0.44157151113103876,,
2019-06-20 04:00:00,0.3282471138430269,0.32842842752639007,,
2019-06-20 05:00:00,0.4786081866187403,0.48034206679292946,,
2019-06-20 06:00:00,0.9687148359603376,0.9810010749870911,,
2019-06-20 07:00:00,2.2263106181306487,,2.2190608102319733,
2019-06-20 08:00:00,3.234985080203967,,3.243484558279226,
2019-06-20 09:00:00,2.227509166164347,,2.191019043198907,
2019-06-20 10:00:00,3.3756215902291897,,3.3810213155436912,
2019-06-20 11:00:00,3.6574946768074104,,,3.6556418100198833
2019-06-20 12:00:00,2.0430447447239173,,2.034063445050444,
2019-06-20 13:00:00,3.405314348178896,,3.405407703418707,
2019-06-20 14:00:00,3.5594946128076095,,,3.547114529820289
2019-06-20 15:00:00,2.776303994024993,,2.7817592509543054,
2019-06-20 16:00:00,1.8895389097527673,,1.8857312451448913,
2019-06-20 17:00:00,0.7172416250841745,0.718484894653171,,
2019-06-20 18:00:00,0.3604387466339549,0.3637126554153308,,
2019-06-21 04:00:00,0.35726906209127074,0.36037875460317464,,
2019-06-21 05:00:00,0.5927589044471233,0.5829478031242343,,
2019-06-21 06:00:00,1.2093539045377046,1.2182514392303148,,
2019-06-21 07:00:00,2.0770838281174604,,2.0767125471357657,
2019-06-21 08:00:00,2.8956296819354033,,2.894666109759116,
2019-06-21 09:00:00,4.204492906463913,,,4.249176799920085
2019-06-21 10:00:00,4.282477973075981,,,4.324580354854252
2019-06-21 11:00:00,1.1582755845598955,1.1525227657242842,,
2019-06-21 12:00:00,2.1490473661179657,,2.1483337150121704,
2019-06-21 13:00:00,4.341233571102132,,,4.410166298950521
2019-06-21 14:00:00,3.5491505078698493,,,3.5506098197264624
2019-06-21 15:00:00,2.2296552353217414,,2.231188610122282,
2019-06-21 16:00:00,1.3175600862156656,1.322201219588575,,
2019-06-21 17:00:00,0.7256606956907956,0.7207199578888744,,
2019-06-21 18:00:00,0.3264292038925488,0.31786757704865976,,
2019-06-22 04:00:00,0.31331156257941073,0.3104140908411463,,
2019-06-22 05:00:00,0.46893189118284195,0.47212122729207784,,
2019-06-22 06:00:00,1.0453860946720706,1.0521008689079911,,
2019-06-22 07:00:00,2.0966326193601743,,2.0967799247131738,
2019-06-22 08:00:00,3.35409565021697,,3.3513700858673734,
2019-06-22 09:00:00,5.094101607439221,,,5.091505447165339
2019-06-22 10:00:00,5.677507827746642,,,5.738599521478281
2019-06-22 11:00:00,5.7795069555288565,,,5.848613702777778
2019-06-22 12:00:00,5.6930457100422736,,,5.745724095080647
2019-06-22 13:00:00,5.218265567427352,,,5.249493486525434
2019-06-22 14:00:00,4.457129125343249,,,4.5084960673220955
2019-06-22 15:00:00,3.3959420055555567,,3.37885771388889,
2019-06-22 16:00:00,1.7143402930820637,1.697548773052138,,
2019-06-22 17:00:00,0.6846829895387007,0.684399380706167,,
2019-06-22 18:00:00,0.3169194610940109,0.3187872418082966,,
2019-06-23 04:00:00,0.3163156614660671,0.3185506218343257,,
2019-06-23 05:00:00,0.37698043104666135,0.38074759132290176,,
2019-06-23 06:00:00,0.8752726502691682,0.873252913919517,,
2019-06-23 07:00:00,2.2774279868313503,,2.2748552249999974,
2019-06-23 08:00:00,3.6636555673599367,,,3.6507068304909183
2019-06-23 09:00:00,4.663752765295914,,,4.7262410305555544
2019-06-23 10:00:00,5.100987502407584,,,5.098277949589988
2019-06-23 11:00:00,5.129618131420488,,,5.231834848746182
2019-06-23 12:00:00,5.616911327228721,,,5.670194978461746
2019-06-23 13:00:00,5.164361032622784,,,5.166941373949839
2019-06-23 14:00:00,4.3575239881992545,,,4.380568644470158
2019-06-23 15:00:00,3.322749691666667,,3.3242049972222234,
2019-06-23 16:00:00,1.8452989202679033,1.7900191963029826,,
2019-06-23 17:00:00,0.5746853931960645,0.5690302911688366,,
2019-06-23 18:00:00,0.3266402859523804,0.3239930141098839,,
2019-06-24 04:00:00,0.4086837565009662,0.4095236738095238,,
2019-06-24 05:00:00,0.7399682333943399,0.7368885050505053,,
2019-06-24 06:00:00,1.2237868635367455,1.2229668355842775,,
2019-06-24 07:00:00,2.141028578255791,,2.145330284653499,
2019-06-24 08:00:00,3.7049062552341336,,,3.69837430828712
2019-06-24 09:00:00,4.638098322222227,,,4.702166907479269
2019-06-24 10:00:00,5.088533298824363,,,5.125458576243508
2019-06-24 11:00:00,4.802960389204895,,,4.906132394417484
2019-06-24 12:00:00,5.52245186270202,,,5.514305454090388
2019-06-24 13:00:00,4.978057834067191,,,4.991903935078015
2019-06-24 14:00:00,4.086712744422102,,,4.127643670562691
2019-06-24 15:00:00,2.819361028600811,,2.821788286680438,
2019-06-24 16:00:00,1.75574574142395,1.7406777458040086,,
2019-06-24 17:00:00,0.709706039399749,0.7062870063683111,,
2019-06-25 04:00:00,0.35552734125561947,0.3581768042737682,,
2019-06-25 05:00:00,0.5763544629867903,0.5711021464601072,,
2019-06-25 06:00:00,0.900702636330596,0.8995284439514579,,
2019-06-25 07:00:00,2.247762580555838,,2.2111148990864216,
2019-06-25 08:00:00,3.6286154645587767,,,3.6302288358631585
2019-06-25 09:00:00,3.8051202123861003,,,3.824461367500332
2019-06-25 10:00:00,3.9496292936436976,,,4.034959356895561
2019-06-25 11:00:00,3.9697844652451204,,,4.02029932660573
2019-06-25 12:00:00,5.058431769479223,,,5.069696643856441
2019-06-25 13:00:00,4.970518935474568,,,4.960078969094655
2019-06-25 14:00:00,4.077232334659058,,,4.098425401242361
2019-06-25 15:00:00,3.0252972403610814,,3.023357887092457,
2019-06-25 16:00:00,1.6992003778806777,1.6863917422995136,,
2019-06-25 17:00:00,0.7031787601791919,0.702293036862068,,
2019-06-25 18:00:00,0.35898357270053516,0.3563853598390083,,
2019-06-26 04:00:00,0.3775765443892453,0.3781485263576239,,
2019-06-26 05:00:00,0.5292935607714903,0.5225047401390925,,
2019-06-26 06:00:00,0.9722482711176519,0.9675191612976338,,
2019-06-26 07:00:00,2.073275461493422,,2.063228021130224,
2019-06-26 08:00:00,1.9519906030568637,,1.992618453374599,
2019-06-26 09:00:00,4.086476186370505,,,4.1794985605352775
2019-06-26 10:00:00,4.81873166831424,,,4.87134375259605
2019-06-26 11:00:00,5.11335971886906,,,5.233711210731765
2019-06-26 12:00:00,5.0201868978682835,,,5.015945041826731
2019-06-26 13:00:00,2.1987399349963828,,2.2168500456073064,
2019-06-26 14:00:00,0.9312932122613524,0.9300743961710376,,
2019-06-26 15:00:00,0.7176683112433857,0.7170673186507931,,
2019-06-26 16:00:00,0.3610545400961065,0.3574373663128395,,
2019-06-26 17:00:00,0.3547011634548678,0.3562146439057989,,
2019-06-27 04:00:00,0.33607625133516145,0.33769015636687816,,
2019-06-27 05:00:00,0.7055546438986093,0.7042547016504398,,
2019-06-27 06:00:00,1.145004444098662,1.150556873869242,,
2019-06-27 07:00:00,1.5101884785528534,1.5106701973330963,,
2019-06-27 08:00:00,2.6155555206837433,,2.6126148862730743,
2019-06-27 09:00:00,3.563245668670742,,,3.570404809185187
2019-06-27 10:00:00,4.8212506481930175,,,4.926954516171053
2019-06-27 11:00:00,5.046267443217022,,,5.251218888814578
2019-06-27 12:00:00,5.722816239713835,,,5.856667260678604
2019-06-27 13:00:00,5.336977137327151,,,5.342822317649743
2019-06-27 14:00:00,4.363667568973758,,,4.3865819336526375
2019-06-27 15:00:00,2.6631632803519683,,2.660193285256439,
2019-06-27 16:00:00,1.4019878572917448,1.3861351957943444,,
2019-06-27 17:00:00,0.7407714182926348,0.7414229287030593,,
2019-06-27 18:00:00,0.3837711567470729,0.384681779102629,,
2019-06-28 04:00:00,0.3147289974930781,0.32196724802733073,,
2019-06-28 05:00:00,0.6840391833333328,0.6839996187765967,,
2019-06-28 06:00:00,1.1013209833135718,1.0993038361934406,,
2019-06-28 07:00:00,2.2367822976808727,,2.2341753190687186,
2019-06-28 08:00:00,3.635906020267443,,,3.6507498313988345
2019-06-28 09:00:00,4.227472716523658,,,4.2856641669965025
2019-06-28 10:00:00,5.10575173118417,,,5.233334843936846
2019-06-28 11:00:00,5.712009091374287,,,5.750566985152402
2019-06-28 12:00:00,5.571086073250515,,,5.613862012928064
2019-06-28 13:00:00,4.900820451299856,,,4.901961904746567
2019-06-28 14:00:00,4.35274751593413,,,4.38295796117891
2019-06-28 15:00:00,3.2836247555555556,,3.283050421512549,
2019-06-28 16:00:00,1.952702599818147,,1.9663362224924048,
2019-06-28 17:00:00,0.6684859037628054,0.6715427002525253,,
2019-06-28 18:00:00,0.30668975351773814,0.3073843017297391,,
2019-06-29 04:00:00,0.38771451333423324,0.37922711037715096,,
2019-06-29 05:00:00,0.7270363056165617,0.7232402471303242,,
2019-06-29 06:00:00,1.1593577582768184,1.155278995671194,,
2019-06-29 07:00:00,2.051880186103715,,2.056356373272877,
2019-06-29 08:00:00,3.337268559124138,,3.319288065053271,
2019-06-29 09:00:00,4.6185966146367186,,,4.62198314624699
2019-06-29 10:00:00,5.052827228513881,,,5.219057786427612
2019-06-29 11:00:00,5.543643073720408,,,5.581967951523833
2019-06-29 12:00:00,5.337571776141897,,,5.4100723511278375
2019-06-29 13:00:00,4.984024050808672,,,4.975442664995061
2019-06-29 14:00:00,4.203512947685108,,,4.211758911146901
2019-06-29 15:00:00,3.1310704395451396,,3.129348223148661,
2019-06-29 16:00:00,1.817886008510975,,1.8542967109292596,
2019-06-29 17:00:00,0.6939764465656563,0.6908598024410771,,
2019-06-29 18:00:00,0.3099738834835385,0.3126775232136345,,
2019-06-30 04:00:00,0.3501808581076729,0.3438717328073886,,
2019-06-30 05:00:00,0.3784065823459848,0.37922914834689264,,
2019-06-30 06:00:00,0.8370401481138033,0.8372853326226212,,
2019-06-30 07:00:00,2.2259460065396715,,2.2453697852285193,
2019-06-30 08:00:00,3.511563034169451,,,3.534612257395019
2019-06-30 09:00:00,4.417487022200412,,,4.435222174999998
2019-06-30 10:00:00,5.128468854959214,,,5.117690512734265
2019-06-30 11:00:00,5.1375090948356705,,,5.262390408118551
2019-06-30 12:00:00,4.699616377777779,,,4.694951502777779
2019-06-30 13:00:00,4.345574533444749,,,4.352491627889194
2019-06-30 14:00:00,4.028237735058457,,,4.0320175688024396
2019-06-30 15:00:00,2.97154812595254,,2.9561891521889265,
2019-06-30 16:00:00,1.8112574065149079,1.7894711648482415,,
2019-06-30 17:00:00,0.5718622533352656,0.5658227909614206,,
2019-07-01 04:00:00,0.4791285630948982,0.47829174872913954,,
2019-07-01 05:00:00,0.5158534221245543,0.5167927763462704,,
2019-07-01 06:00:00,0.7993222738417198,0.8077158526464114,,
2019-07-01 07:00:00,1.728931544478154,1.7354562287170736,,
2019-07-01 08:00:00,2.1855024133980097,,2.1967810463316217,
2019-07-01 09:00:00,3.8073804962825273,,,3.812625355302643
2019-07-01 10:00:00,1.926277690713598,,1.952214675897647,
2019-07-01 11:00:00,2.1941834611797493,,2.1904730746678425,
2019-07-01 12:00:00,4.304970910221474,,,4.424617915771655
2019-07-01 13:00:00,2.9934028234823113,,2.979265530128946,
2019-07-01 14:00:00,1.9096328468297714,,1.9332420610775716,
2019-07-01 15:00:00,1.9515111095302056,,1.9712754358144466,
2019-07-01 16:00:00,0.8913603056474512,0.8758859479673684,,
2019-07-01 17:00:00,0.6861957672498796,0.6756475627691652,,
2019-07-01 18:00:00,0.351708571912025,0.34970486714193577,,
2019-07-02 04:00:00,0.36815157710280927,0.3688002097113995,,
2019-07-02 05:00:00,0.6395891791389395,0.6477931214998445,,
2019-07-02 06:00:00,0.9558881096030639,0.9541916318261613,,
2019-07-02 07:00:00,1.6305964055765556,1.632288424954916,,
2019-07-02 08:00:00,1.525677143922738,1.5324840392592594,,
2019-07-02 09:00:00,2.175554948955383,,2.1750182726132006,
2019-07-02 10:00:00,3.18232134754655,,3.1909551579073216,
2019-07-02 11:00:00,3.515697889219564,,3.479092699823967,
2019-07-02 12:00:00,2.456949165096921,,2.4617484073720726,
2019-07-02 13:00:00,2.28185032110098,,2.2570642208849296,
2019-07-02 14:00:00,2.132229994965736,,2.134674597070633,
2019-07-02 15:00:00,2.5932604033219233,,2.5822977504245426,
2019-07-02 16:00:00,1.6870751964525303,1.6821692307051035,,
2019-07-02 17:00:00,0.7319439275543261,0.7260322986411178,,
2019-07-02 18:00:00,0.33935028684404045,0.34073465106619627,,
2019-07-03 04:00:00,0.432341160743008,0.43132322001202505,,
2019-07-03 05:00:00,0.6708654713114237,0.6750014199320841,,
2019-07-03 06:00:00,0.8699192122413153,0.8596839465191125,,
2019-07-03 07:00:00,2.313015423058936,,2.3030580684423976,
2019-07-03 08:00:00,2.480666077598452,,2.5077142817148217,
2019-07-03 09:00:00,3.364841168212574,,3.3527754238478895,
2019-07-03 10:00:00,3.231383158403936,,3.2320941456758963,
2019-07-03 11:00:00,3.6151256301110983,,,3.584430266417044
2019-07-03 12:00:00,4.486127564696296,,,4.516402556212997
2019-07-03 13:00:00,3.8770113856971036,,,3.9055538991125953
2019-07-03 14:00:00,3.169895439903105,,3.1763592563104353,
2019-07-03 15:00:00,1.8116309673011286,1.7992911297975371,,
2019-07-03 16:00:00,1.6327811474731675,1.6196077199494952,,
2019-07-03 17:00:00,0.7694750136178574,0.7743098154839718,,
2019-07-03 18:00:00,0.4829920846811384,0.4763924454807909,,
2019-07-04 04:00:00,0.35732441180466956,0.3570989572846428,,
2019-07-04 05:00:00,0.5347321917716543,0.5319277861409504,,
2019-07-04 06:00:00,0.937374084393939,0.9295032044444441,,
2019-07-04 07:00:00,0.7187469100430086,0.7203304885135207,,
2019-07-04 08:00:00,0.7781793680074982,0.7756223660747357,,
2019-07-04 09:00:00,0.8569739694211167,0.8571862531315914,,
2019-07-04 10:00:00,0.8369950705268674,0.8334746741414132,,
2019-07-04 11:00:00,1.0365923243521002,1.0427062069463795,,
2019-07-04 12:00:00,1.5236004552161742,1.5427820994444452,,
2019-07-04 13:00:00,1.9053651517897823,,1.9251910884527974,
2019-07-04 14:00:00,0.7355744546236599,0.7396792247575666,,
2019-07-04 15:00:00,0.6082938869494136,0.6094117507788814,,
2019-07-04 16:00:00,0.39400139951847085,0.39667521886964896,,
2019-07-05 04:00:00,0.33828804908311694,0.3328004124189174,,
2019-07-05 05:00:00,0.5105254076034151,0.5100431726504169,,
2019-07-05 06:00:00,0.939226283282828,0.9298688166666668,,
2019-07-05 07:00:00,2.3325465847738163,,2.304163669444441,
2019-07-05 08:00:00,3.395233298785604,,3.430485953069095,
2019-07-05 09:00:00,4.739552869266381,,,4.86874141873694
2019-07-05 10:00:00,5.36085329934859,,,5.4642300890261435
2019-07-05 11:00:00,5.595322529250885,,,5.633891158593139
2019-07-05 12:00:00,5.721641142167223,,,5.852771185890805
2019-07-05 13:00:00,5.306702711161965,,,5.336519869889002
2019-07-05 14:00:00,4.514593380629113,,,4.544800778700141
2019-07-05 15:00:00,3.4447134228365517,,3.4434862944444466,
2019-07-05 16:00:00,1.965542867578962,,1.9860788076738032,
2019-07-05 17:00:00,0.6770715972151329,0.6760184078121231,,
2019-07-06 05:00:00,0.3668948657748969,0.3642093185702259,,
2019-07-06 06:00:00,0.44583913628736427,0.44916172823232325,,
2019-07-06 07:00:00,0.46678207042417985,0.47233829032828273,,
2019-07-06 08:00:00,0.9565383767939977,0.9672326640064715,,
2019-07-06 09:00:00,0.9730619241216216,0.9711305406818176,,
2019-07-06 10:00:00,1.2353491159523804,1.2471528942857137,,
2019-07-06 11:00:00,0.8436025767907309,0.8513238319310993,,
2019-07-06 12:00:00,2.265394029321456,,2.2525462190337824,
2019-07-06 13:00:00,1.943619856594677,,1.952971698976358,
2019-07-06 14:00:00,2.688928000666159,,2.68594456520141,
2019-07-06 15:00:00,3.006622861277376,,3.0032006789253893,
2019-07-06 16:00:00,1.434368958038312,1.4453205960650015,,
2019-07-06 17:00:00,0.7012471526167355,0.7048439490910516,,
2019-07-06 18:00:00,0.39493774600913395,0.3969040593197558,,
2019-07-07 04:00:00,0.3289757599999998,0.33034809666666654,,
2019-07-07 05:00:00,0.5279818546631805,0.5239470600159916,,
2019-07-07 06:00:00,0.8812035158539285,0.8813168742654786,,
2019-07-07 07:00:00,1.0487202749070157,1.0527601525105044,,
2019-07-07 08:00:00,2.3794415509575795,,2.3844814767436144,
2019-07-07 09:00:00,1.5478776314814817,1.5419595944444455,,
2019-07-07 10:00:00,2.582147572005092,,2.5894865610012094,
2019-07-07 11:00:00,3.0061712068279394,,3.0235088723982444,
2019-07-07 12:00:00,3.391237909695987,,3.394840265303111,
2019-07-07 13:00:00,4.327981641881129,,,4.359554000892945
2019-07-07 14:00:00,2.999059398578266,,3.013485782120031,
2019-07-07 15:00:00,2.760516258043318,,2.746257168547644,
2019-07-07 16:00:00,1.0268091084997966,1.024900617119114,,
2019-07-07 17:00:00,0.5127170954400868,0.5117921234399576,,
2019-07-07 18:00:00,0.37844777936043417,0.3822388870309756,,
2019-07-08 06:00:00,0.5107729594582068,0.5089863164279034,,
2019-07-08 07:00:00,0.3849021090768888,0.385591268078204,,
2019-07-08 08:00:00,0.68034298056587,0.6879849393438164,,
2019-07-08 09:00:00,2.317859568107152,,2.2931971673869076,
2019-07-08 10:00:00,3.3841483200270606,,3.3986497942861846,
2019-07-08 11:00:00,3.671795349636836,,,3.661433076549214
2019-07-08 12:00:00,4.170005170125946,,,4.167060295210822
2019-07-08 13:00:00,5.146958967173565,,,5.162770711656914
2019-07-08 14:00:00,4.5379917315795835,,,4.529779484621674
2019-07-08 15:00:00,3.2332779990290943,,3.2438328105886445,
2019-07-08 16:00:00,1.8892898646111314,,1.911111257336189,
2019-07-08 17:00:00,0.6724975667528282,0.6701406755240328,,
2019-07-09 04:00:00,0.33025607111111116,0.3315509216666667,,
2019-07-09 05:00:00,0.5394432239238984,0.5395476808494558,,
2019-07-09 06:00:00,1.135975212038484,1.1314572618986256,,
2019-07-09 07:00:00,1.8763828144717414,,1.8798480273508684,
2019-07-09 08:00:00,3.6076229657383045,,,3.606602407569005
2019-07-09 09:00:00,4.620016081673781,,,4.626403762742148
2019-07-09 10:00:00,5.041985528559736,,,5.045922296794262
2019-07-09 11:00:00,5.68026921881869,,,5.708321307484751
2019-07-09 12:00:00,5.706541290745555,,,5.84609141109814
2019-07-09 13:00:00,5.328545847637383,,,5.364275612747435
2019-07-09 14:00:00,3.6328775351170774,,,3.617646296538587
2019-07-09 15:00:00,1.9366969172652984,,1.948456227942942,
2019-07-09 16:00:00,1.655585158087756,1.6504948898415939,,
2019-07-09 17:00:00,0.6945145973424917,0.6933382410407412,,
2019-07-10 04:00:00,0.30793996305667126,0.308930038207634,,
2019-07-10 05:00:00,0.41171456334388606,0.41468079545695047,,
2019-07-10 06:00:00,0.8006691049427563,0.8021240902753171,,
2019-07-10 07:00:00,2.1897154929367644,,2.1972315409887084,
2019-07-10 08:00:00,3.633600977941341,,,3.6439316506413046
2019-07-10 09:00:00,4.648167591321893,,,4.706570204506616
2019-07-10 10:00:00,5.0366312918724665,,,5.235479990793837
2019-07-10 11:00:00,5.731044879094784,,,5.855506856628897
2019-07-10 12:00:00,5.717937405667073,,,5.743821635711061
2019-07-10 13:00:00,5.321931887091032,,,5.367969859179798
2019-07-10 14:00:00,4.425330872558166,,,4.511415961137739
2019-07-10 15:00:00,3.421843583333335,,3.3821647750000006,
2019-07-10 16:00:00,1.9367112086654186,,1.957356065135215,
2019-07-10 17:00:00,0.6876633168786482,0.685911462912697,,
2019-07-11 04:00:00,0.2838726828014768,0.287194741597698,,
2019-07-11 05:00:00,0.3864218133730162,0.38560181459968307,,
2019-07-11 06:00:00,0.8475101432976981,0.8469684217184862,,
2019-07-11 07:00:00,2.1948465247144138,,2.1940373998970486,
2019-07-11 08:00:00,3.5565812469904796,,,3.5550426271895623
2019-07-11 09:00:00,4.669089015332183,,,4.728676126622336
2019-07-11 10:00:00,5.113795257552149,,,5.243637451525603
2019-07-11 11:00:00,5.384840568837375,,,5.490694525590593
2019-07-11 12:00:00,4.381927552777779,,,4.340194852777782
2019-07-11 13:00:00,3.7282266225408436,,,3.7097659298544268
2019-07-11 14:00:00,2.682365487456048,,2.641858891292367,
2019-07-11 15:00:00,2.2607454779578195,,2.2515312275254598,
2019-07-11 16:00:00,1.2916868226452547,1.2931140930059388,,
2019-07-11 17:00:00,0.729483730447797,0.7257145540470675,,
2019-07-12 04:00:00,0.5027206687318959,0.5022492326394898,,
2019-07-12 05:00:00,0.732871664344824,0.7320278933501686,,
2019-07-12 06:00:00,0.9606657412878777,0.9619510230931507,,
2019-07-12 07:00:00,1.2808433503797267,1.3059484630674734,,
2019-07-12 08:00:00,2.19087396262789,,2.206390200206982,
2019-07-12 09:00:00,2.055494243930785,,2.0503786864792155,
2019-07-12 10:00:00,3.338102622233101,,3.3410609210339657,
2019-07-12 11:00:00,4.806350713888883,,,4.880482604363474
2019-07-12 12:00:00,5.210606412366095,,,5.343644096984561
2019-07-12 13:00:00,5.238929065539953,,,5.27038893300331
2019-07-12 14:00:00,4.310687324061167,,,4.307986983781708
2019-07-12 15:00:00,2.6228277963354567,,2.6247492277683655,
2019-07-12 16:00:00,1.984641385642224,,2.003785411338032,
2019-07-12 17:00:00,0.7379639200813547,0.734572678261784,,
2019-07-12 18:00:00,0.3406305362491912,0.34172545776757896,,
2019-07-13 04:00:00,0.2968074532608772,0.29815460104923314,,
2019-07-13 05:00:00,0.38907317327894375,0.39381550491800915,,
2019-07-13 06:00:00,0.9672819428674128,0.9626414023034396,,
2019-07-13 07:00:00,2.0472017950685037,,2.048669449851873,
2019-07-13 08:00:00,3.459793599454863,,,3.5607968851929668
2019-07-13 09:00:00,4.421659040367993,,,4.446646909254049
2019-07-13 10:00:00,5.023514545190468,,,5.238047884851881
2019-07-13 11:00:00,5.215935659325231,,,5.252608014931423
2019-07-13 12:00:00,5.56756198488305,,,5.563851418463133
2019-07-13 13:00:00,5.0933361940973,,,5.0908061955896535
2019-07-13 14:00:00,3.6793659744046177,,,3.6720324748161333
2019-07-13 15:00:00,3.0700343566235127,,3.054242112588105,
2019-07-13 16:00:00,1.7632668834043375,1.7607437398271442,,
2019-07-13 17:00:00,0.7075103622442582,0.7056450225313242,,
2019-07-13 18:00:00,0.31551079974322105,0.31939534710169737,,
2019-07-14 05:00:00,0.3476389027643866,0.3494920512220798,,
2019-07-14 06:00:00,0.5150001867219357,0.5141687152924772,,
2019-07-14 07:00:00,0.8521770699615588,0.8491187087941588,,
2019-07-14 08:00:00,1.5358348196969709,1.5322583916666679,,
2019-07-14 09:00:00,2.060107780733959,,2.0690987266807004,
2019-07-14 10:00:00,1.819273291614208,,1.8324568653693531,
2019-07-14 11:00:00,1.6660448079928591,1.6654206228757624,,
2019-07-14 12:00:00,1.996348231460746,,2.013617802397577,
2019-07-14 13:00:00,3.323076978424577,,3.317630030657628,
2019-07-14 14:00:00,2.6816483636902664,,2.6915289861345895,
2019-07-14 15:00:00,1.9667644958613957,,1.983712450674123,
2019-07-14 16:00:00,1.5062758779959926,1.5052814188285484,,
2019-07-14 17:00:00,0.4438146785360938,0.4436762122478378,,
2019-07-15 05:00:00,0.3180910388888887,0.31948390555555545,,
2019-07-15 06:00:00,0.4836073851343403,0.4833553863239537,,
2019-07-15 07:00:00,0.6773777479073226,0.6744565765018778,,
2019-07-15 08:00:00,0.9223211481977353,0.919350100004453,,
2019-07-15 09:00:00,1.7533950397980451,1.7428814775862103,,
2019-07-15 10:00:00,4.22585480044116,,,4.365452157051621
2019-07-15 11:00:00,4.425802241152906,,,4.4707872795903825
2019-07-15 12:00:00,4.703506745996548,,,4.713141940690269
2019-07-15 13:00:00,3.317981334989388,,3.3447309465806994,
2019-07-15 14:00:00,1.8167572476968532,1.8075016734848106,,
2019-07-15 15:00:00,1.1216653399871543,1.1226075607387953,,
2019-07-15 16:00:00,0.8389058980953465,0.8369176112651765,,
2019-07-15 17:00:00,0.3506143315463855,0.35083435150893605,,
2019-07-16 04:00:00,0.3596299023457603,0.35826487174603167,,
2019-07-16 05:00:00,0.41309512908149537,0.4136938534786983,,
2019-07-16 06:00:00,0.5764530056806724,0.5730636559355624,,
2019-07-16 07:00:00,1.727362349999999,1.726236268525203,,
2019-07-16 08:00:00,1.53125506754325,1.535923613780014,,
2019-07-16 09:00:00,1.7175727740807583,1.7219772963189297,,
2019-07-16 10:00:00,4.6533932791848045,,,4.7830266898373655
2019-07-16 11:00:00,5.731422733064586,,,5.8563376982528235
2019-07-16 12:00:00,5.606432802642831,,,5.644349922132827
2019-07-16 13:00:00,5.341612218651786,,,5.335467222739367
2019-07-16 14:00:00,4.560301001315755,,,4.553283024387328
2019-07-16 15:00:00,3.321667464544288,,3.366709537895779,
2019-07-16 16:00:00,1.909216443545351,,1.9480000444681322,
2019-07-16 17:00:00,0.6849368951698043,0.6837816384014326,,
2019-07-17 04:00:00,0.30068808960540655,0.29769541992063464,,
2019-07-17 05:00:00,0.4329890554279601,0.4303216524330366,,
2019-07-17 06:00:00,0.8090769781616031,0.8095275869932489,,
2019-07-17 07:00:00,2.2498358231579614,,2.226210326646871,
2019-07-17 08:00:00,3.4121523044130107,,3.38980390187549,
2019-07-17 09:00:00,4.449271416255351,,,4.446201180277178
2019-07-17 10:00:00,4.944530725000838,,,4.961584738284414
2019-07-17 11:00:00,5.618498837862909,,,5.659580892350632
2019-07-17 12:00:00,5.228229774322212,,,5.243784217628144
2019-07-17 13:00:00,5.229032912047831,,,5.228222148900857
2019-07-17 14:00:00,4.3357303792314505,,,4.350517398094312
2019-07-17 15:00:00,2.8648127487783883,,2.8567770693189436,
2019-07-17 16:00:00,2.022418025695809,,2.0234390147580483,
2019-07-17 17:00:00,0.7067483392755659,0.7069245300002543,,
2019-07-18 05:00:00,0.3623257778391056,0.36277422745310245,,
2019-07-18 06:00:00,0.7898027224747477,0.7862342609730776,,
2019-07-18 07:00:00,2.1777750952639328,,2.1886420833954547,
2019-07-18 08:00:00,3.4945132216942225,,,3.5206848444444416
2019-07-18 09:00:00,3.43236764131508,,3.4144343304046525,
2019-07-18 10:00:00,3.687545742825601,,,3.6835515315875944
2019-07-18 11:00:00,4.620180474618959,,,4.591593716666669
2019-07-18 12:00:00,5.319060139217914,,,5.324325369669184
2019-07-18 13:00:00,5.361095092213016,,,5.36673499294871
2019-07-18 14:00:00,3.8904194547145887,,,3.9118044645676058
2019-07-18 15:00:00,2.634728818328463,,2.6322852232879854,
2019-07-18 16:00:00,1.0765519686049927,1.083303529547719,,
2019-07-18 17:00:00,0.4982220969281446,0.5007509958182718,,
2019-07-18 18:00:00,0.33032501135538944,0.3318102790188219,,
2019-07-19 05:00:00,0.5422583467648485,0.5385232830122595,,
2019-07-19 06:00:00,0.8707940509889308,0.8674126685535412,,
2019-07-19 07:00:00,1.5651212528099896,1.565108080587767,,
2019-07-19 08:00:00,2.4016087546451548,,2.411142625143196,
2019-07-19 09:00:00,3.406320492968247,,3.429070868193042,
2019-07-19 10:00:00,2.5121803143803754,,2.522220452033325,
2019-07-19 11:00:00,4.538441033840798,,,4.534059304662834
2019-07-19 12:00:00,1.0266037450106877,1.0229472772936563,,
2019-07-19 13:00:00,1.2862162294837318,1.292413080555556,,
2019-07-19 14:00:00,3.039641075908042,,3.039425343437691,
2019-07-19 15:00:00,0.5689377891491242,0.570257492981495,,
2019-07-19 16:00:00,1.316878580502718,1.3389924223451786,,
2019-07-19 17:00:00,0.6386460795024452,0.6485427050322282,,
2019-07-19 18:00:00,0.2987232863152005,0.29677730882048947,,
2019-07-20 04:00:00,0.3647348848021871,0.36191934764817496,,
2019-07-20 05:00:00,0.5923228016301586,0.5874439837893789,,
2019-07-20 06:00:00,1.0618469026422628,1.067907676541042,,
2019-07-20 07:00:00,1.9342557621587908,,1.9384449199062126,
2019-07-20 08:00:00,3.0648414207139156,,3.055523301771024,
2019-07-20 09:00:00,3.980884694802187,,,4.059389550158821
2019-07-20 10:00:00,4.432624865772788,,,4.449760110733158
2019-07-20 11:00:00,4.619476484465818,,,4.619636174618959
2019-07-20 12:00:00,2.1362075454717866,,2.144387275972986,
2019-07-20 13:00:00,2.118689086325139,,2.122437660884663,
2019-07-20 14:00:00,2.1362782594206213,,2.149224120464027,
2019-07-20 15:00:00,2.0749384615392277,,2.0597015228236732,
2019-07-20 16:00:00,1.0600676093051478,1.062189160026401,,
2019-07-20 17:00:00,0.7084660796576608,0.7157434253736717,,
2019-07-21 05:00:00,0.3855107294596827,0.38545443120273276,,
2019-07-21 06:00:00,0.5720626180287866,0.5800091064199969,,
2019-07-21 07:00:00,1.0554785312017858,1.0648480599402694,,
2019-07-21 08:00:00,1.9385410304785742,,1.9537323393723045,
2019-07-21 09:00:00,2.912096625,,2.8915461016728807,
2019-07-21 10:00:00,3.4105814376899044,,3.419531770228413,
2019-07-21 11:00:00,3.1937406826802497,,3.1856165441444544,
2019-07-21 12:00:00,1.6084948757254052,1.635496275122218,,
2019-07-21 13:00:00,0.7642282739898992,0.7675911917584046,,
2019-07-21 14:00:00,1.2291853670202026,1.2216334585858595,,
2019-07-21 15:00:00,1.3268587469778652,1.3429841010276533,,
2019-07-21 16:00:00,1.127045182826553,1.126026041279761,,
2019-07-21 17:00:00,0.6255677169854336,0.6289012698625424,,
2019-07-21 18:00:00,0.40957470429111226,0.41228064392516395,,
2019-07-22 04:00:00,0.42555830985045906,0.42832399443167263,,
2019-07-22 05:00:00,0.6859599028870895,0.6870614882924001,,
2019-07-22 06:00:00,1.1401694425553583,1.1387924666108606,,
2019-07-22 07:00:00,1.3961870345631748,1.398982020874672,,
2019-07-22 08:00:00,1.7894742137873862,1.8017237286613983,,
2019-07-22 09:00:00,2.6619811389303174,,2.6666405716027377,
2019-07-22 10:00:00,2.406270060525057,,2.403569235807033,
2019-07-22 11:00:00,2.8652403181633757,,2.8525826355001644,
2019-07-22 12:00:00,2.1116851347629306,,2.1113626149168967,
2019-07-22 13:00:00,1.45751516409275,1.457406743521295,,
2019-07-22 14:00:00,0.9754376846964038,0.9820053756604912,,
2019-07-22 15:00:00,0.5422726998596578,0.5437006007911991,,
2019-07-22 16:00:00,0.3536081281118419,0.3546742697089945,,
2019-07-23 05:00:00,0.35698552975332987,0.36811607496953014,,
2019-07-23 06:00:00,0.8300847960180235,0.8359843563964572,,
2019-07-23 07:00:00,1.9161192321706293,,1.9234234602758786,
2019-07-23 08:00:00,3.5692150690032856,,,3.540978567826859
2019-07-23 09:00:00,4.594688454291305,,,4.61865412176341
2019-07-23 10:00:00,5.079337711206494,,,5.2214020218892365
2019-07-23 11:00:00,5.615163444944852,,,5.657231807507436
2019-07-23 12:00:00,5.56089165829369,,,5.573587613292094
2019-07-23 13:00:00,5.132546540969487,,,5.132371638352734
2019-07-23 14:00:00,3.5149969576212987,,,3.5219716335207245
2019-07-23 15:00:00,2.1114770015659823,,2.0931711589318267,
2019-07-23 16:00:00,1.5286779815827425,1.5208425520390778,,
2019-07-23 17:00:00,0.7074360741776847,0.7062061474514699,,
2019-07-24 05:00:00,0.3622783115694434,0.3629984979922578,,
2019-07-24 06:00:00,0.7830157335858584,0.7879251778282828,,
2019-07-24 07:00:00,2.079066908824455,,2.06043492966035,
2019-07-24 08:00:00,3.3228768666666664,,3.305236318732413,
2019-07-24 09:00:00,4.423282201425087,,,4.441366064372601
2019-07-24 10:00:00,5.056196479338689,,,5.226004549579909
2019-07-24 11:00:00,5.316133531772359,,,5.325569932708122
2019-07-24 12:00:00,5.218299789462225,,,5.235401199126273
2019-07-24 13:00:00,4.5653636242379125,,,4.5792290928984585
2019-07-24 14:00:00,4.219309567658577,,,4.245007286902221
2019-07-24 15:00:00,3.2819676638888864,,3.2853240277777753,
2019-07-24 16:00:00,1.8302419685950455,,1.8358502990378174,
2019-07-24 17:00:00,0.7772783379333881,0.775804304805586,,
2019-07-24 18:00:00,0.32067824384690286,0.32239792533079786,,
2019-07-25 04:00:00,0.31408873227051753,0.3129186179770359,,
2019-07-25 05:00:00,0.4714574256174045,0.4698044508386984,,
2019-07-25 06:00:00,0.8141435173770737,0.8164048894117053,,
2019-07-25 07:00:00,2.086831652626631,,2.0837538390565307,
2019-07-25 08:00:00,3.3772055360761857,,3.3951000771116586,
2019-07-25 09:00:00,4.409957594422632,,,4.417471191666664
2019-07-25 10:00:00,5.048470478801986,,,5.241030349774564
2019-07-25 11:00:00,5.540792098257066,,,5.582256066482265
2019-07-25 12:00:00,5.153736823396546,,,5.145858977800958
2019-07-25 13:00:00,4.752115172138947,,,4.723574119444446
2019-07-25 14:00:00,4.202267832722751,,,4.2071524111111085
2019-07-25 15:00:00,3.1507096586032914,,3.125091775,
2019-07-25 16:00:00,1.7827499019669022,1.7733723813304731,,
2019-07-25 17:00:00,0.6759910524060551,0.6814401193999846,,
2019-07-26 05:00:00,0.3613800174487528,0.36161280591593487,,
2019-07-26 06:00:00,0.7821471213727486,0.7842235626305104,,
2019-07-26 07:00:00,2.073170490898327,,2.0778677823804657,
2019-07-26 08:00:00,3.3734181501672236,,3.3630485096870477,
2019-07-26 09:00:00,4.310537561135293,,,4.3315303444468185
2019-07-26 10:00:00,4.918431506097713,,,4.941790598049863
2019-07-26 11:00:00,4.389605591644855,,,4.376532319444444
2019-07-26 12:00:00,4.691855170851469,,,4.688362711147379
2019-07-26 13:00:00,4.896799000275883,,,4.911562972773986
2019-07-26 14:00:00,4.2578825025078775,,,4.250626660465045
2019-07-26 15:00:00,1.6518255962652264,1.6821369087200344,,
2019-07-26 16:00:00,1.0302934040273626,1.0325110667366362,,
2019-07-26 17:00:00,0.5752991930323443,0.5800058355331503,,
2019-07-27 04:00:00,0.294343278871789,0.2938774271350897,,
2019-07-27 05:00:00,0.3933327580579848,0.39615843538742396,,
2019-07-27 06:00:00,0.8076969558821374,0.8052170409030012,,
2019-07-27 07:00:00,2.0792870528773637,,2.0787383187415616,
2019-07-27 08:00:00,3.3287961611111117,,3.3320448694444456,
2019-07-27 09:00:00,3.4206582761992985,,3.377956493282529,
2019-07-27 10:00:00,3.6814740472369287,,,3.711028565369739
2019-07-27 11:00:00,4.597063951634644,,,4.582947762745755
2019-07-27 12:00:00,4.518801241266023,,,4.506868496763412
2019-07-27 13:00:00,3.539957636278333,,,3.542710286612782
2019-07-27 14:00:00,4.017566988351752,,,3.9800901514736156
2019-07-27 15:00:00,3.008877552511263,,3.0243147277777775,
2019-07-27 16:00:00,1.4756087095608543,1.4766186087192625,,
2019-07-27 17:00:00,0.6278673145280004,0.63873157668642,,
2019-07-27 18:00:00,0.32761148811617935,0.3267398344079027,,
2019-07-28 05:00:00,0.32523412722222167,0.3240913702380949,,
2019-07-28 08:00:00,1.2400750995959593,1.2358664694035135,,
2019-07-28 09:00:00,2.258405247412056,,2.2484574431071525,
2019-07-28 10:00:00,3.159298455424939,,3.14015303701744,
2019-07-28 11:00:00,3.3593910376671796,,3.3597169166201053,
2019-07-28 12:00:00,1.9231563368069176,,1.9139906989367816,
2019-07-28 13:00:00,2.8966606944444413,,2.9103680444444415,
2019-07-28 14:00:00,3.0792872486298197,,3.093410020916638,
2019-07-28 15:00:00,2.4762097308151017,,2.4862234773530743,
2019-07-28 16:00:00,1.366182825074362,1.368719008505936,,
2019-07-28 17:00:00,0.6126704051713014,0.6102068340965221,,
2019-07-29 04:00:00,0.3437400489449159,0.35402288412763255,,
2019-07-29 05:00:00,0.4352595120707069,0.435538254242424,,
2019-07-29 06:00:00,0.8237576148989896,0.8259272866934678,,
2019-07-29 07:00:00,2.0809113746332044,,2.0872533058342615,
2019-07-29 08:00:00,3.2989667828511284,,3.31308024131508,
2019-07-29 09:00:00,3.845454586965916,,,3.855088167963694
2019-07-29 10:00:00,4.648272140021369,,,4.64285257222222
2019-07-29 11:00:00,4.6503308594658135,,,4.638103784846858
2019-07-29 12:00:00,4.283444345304661,,,4.270167139307329
2019-07-29 13:00:00,3.3393700150244894,,3.3226458611111114,
2019-07-29 14:00:00,3.327877130555557,,3.3227310444444442,
2019-07-29 15:00:00,3.136477190686807,,3.138549690956992,
2019-07-29 16:00:00,1.808644082869977,1.810390941434988,,
2019-07-29 17:00:00,0.6771539139730636,0.6754763732323232,,
2019-07-30 04:00:00,0.30675479327896155,0.3012531904171235,,
2019-07-30 05:00:00,0.4992563029812704,0.49624166142549875,,
2019-07-30 06:00:00,1.146176531867628,1.1454134112987597,,
2019-07-30 07:00:00,1.2842173702020205,1.2948079006937363,,
2019-07-30 08:00:00,2.2180656152437748,,2.210110312597473,
2019-07-30 09:00:00,3.411504235966889,,3.4209375962428097,
2019-07-30 10:00:00,3.821797718072469,,,3.93711382393655
2019-07-30 11:00:00,3.3012907772955744,,3.2869397483037144,
2019-07-30 12:00:00,0.9922902651515157,0.9946517693181824,,
2019-07-30 13:00:00,2.0701742059783554,,2.0432459169266166,
2019-07-30 14:00:00,2.11097313638051,,2.116018187184928,
2019-07-30 15:00:00,2.183799358633133,,2.1883167796808993,
2019-07-30 16:00:00,0.44390833997732565,0.44166787314009376,,
2019-07-31 07:00:00,0.3974263007479067,0.3965202253835027,,
2019-07-31 08:00:00,0.37483580449364956,0.38084132227167394,,
2019-07-31 09:00:00,0.6158980627125223,0.6292808436672879,,
2019-07-31 10:00:00,1.8936577377055206,,1.9068639449858618,
2019-07-31 11:00:00,1.0321712870351505,1.030659451848078,,
2019-07-31 12:00:00,2.4571447297304316,,2.456658237872433,
2019-07-31 13:00:00,1.2755343251683646,1.2736052145267716,,
2019-07-31 14:00:00,2.1956261533678885,,2.1995480525911817,
2019-07-31 15:00:00,1.8775911832424483,,1.8754650610800108,
2019-07-31 16:00:00,0.567681427135118,0.5702022885921839,,
2019-08-01 07:00:00,0.4359513633534952,0.44488217237607053,,
2019-08-01 08:00:00,0.3463438393774808,0.34770793566969244,,
2019-08-01 09:00:00,0.43295614260269794,0.43295839429101407,,
2019-08-01 10:00:00,0.697627546778178,0.7002603472173987,,
2019-08-01 11:00:00,0.6228209526519732,0.6296309477857296,,
2019-08-01 12:00:00,0.8381352038028257,0.8352749806963337,,
2019-08-01 13:00:00,1.1266719863231622,1.124043410779993,,
2019-08-01 14:00:00,1.9117596216128983,,1.913977535788668,
2019-08-01 15:00:00,2.2565245908789513,,2.2402476888888914,
2019-08-01 16:00:00,1.4876786840114977,1.496312435016654,,
2019-08-01 17:00:00,0.6097940013611622,0.6193296262724731,,
2019-08-02 05:00:00,0.32523150142439805,0.32761303260949687,,
2019-08-02 06:00:00,0.45011245435057634,0.45395039710663826,,
2019-08-02 07:00:00,0.7491396713200065,0.7470121201214561,,
2019-08-02 08:00:00,0.9589502184254712,0.956204676632542,,
2019-08-02 09:00:00,1.2875643568181827,1.2924734640773357,,
2019-08-02 10:00:00,1.652608657788592,1.6604447593589884,,
2019-08-02 11:00:00,2.1689795698418877,,2.1804182697949206,
2019-08-02 12:00:00,1.7337852187294718,1.734308427852552,,
2019-08-02 13:00:00,4.878689113922714,,,4.876727011178766
2019-08-02 14:00:00,4.061794657492365,,,4.0129052331975705
2019-08-02 15:00:00,2.7897740638839554,,2.8245423274076904,
2019-08-02 16:00:00,1.9179059806679866,,1.92718114056966,
2019-08-02 17:00:00,0.6423022192162735,0.6586655338633176,,
2019-08-03 05:00:00,0.36456091149328906,0.35971138805043373,,
2019-08-03 06:00:00,0.7437248152202439,0.7472734022572811,,
2019-08-03 07:00:00,2.133720461570098,,2.1340330756920913,
2019-08-03 08:00:00,3.532911290739703,,,3.5285999526307226
2019-08-03 09:00:00,4.596576785349021,,,4.5894809495971485
2019-08-03 10:00:00,5.315459793613443,,,5.345017679080042
2019-08-03 11:00:00,5.648194508224032,,,5.659549011792752
2019-08-03 12:00:00,5.586256826060813,,,5.587303633739118
2019-08-03 13:00:00,5.168358747582584,,,5.162190832054015
2019-08-03 14:00:00,4.423502850785726,,,4.4300089569044925
2019-08-03 15:00:00,3.318155527777779,,3.3117918937347715,
2019-08-03 16:00:00,1.8935528445979408,,1.9027486365003867,
2019-08-03 17:00:00,0.6622469792676767,0.6666918269358775,,
2019-08-04 05:00:00,0.4238620902464514,0.42599285633179046,,
2019-08-04 06:00:00,0.6736654463306573,0.6695845390600155,,
2019-08-04 07:00:00,1.7101826539760594,1.715931111111111,,
2019-08-04 08:00:00,2.3477084777777755,,2.3505191333333313,
2019-08-04 09:00:00,2.979157981848751,,2.960975444342069,
2019-08-04 10:00:00,3.1036392756211284,,3.1006178629745706,
2019-08-04 11:00:00,2.6097902427869797,,2.6128786015178083,
2019-08-04 12:00:00,1.9077630944526303,,1.9342927662794984,
2019-08-04 13:00:00,1.7502677470762433,1.7373152404199645,,
2019-08-04 14:00:00,2.080423883855458,,2.0601792540940265,
2019-08-04 15:00:00,1.5434871878500815,1.5504008270973029,,
2019-08-04 16:00:00,0.7952173494511388,0.7886569143400323,,
2019-08-04 17:00:00,0.3275005465545523,0.33133836108932746,,
2019-08-05 04:00:00,0.29585479199608844,0.29780620381641426,,
2019-08-05 05:00:00,0.46166821617080706,0.45919201030343726,,
2019-08-05 06:00:00,0.7726920209442715,0.7723659594176024,,
2019-08-05 07:00:00,2.180853997571105,,2.1904173977936954,
2019-08-05 08:00:00,3.0577811899407914,,3.057171733835269,
2019-08-05 09:00:00,3.8360511944750693,,,3.8475132931161675
2019-08-05 10:00:00,4.662211862457135,,,4.637634927470956
2019-08-05 11:00:00,3.671043926339806,,,3.66638983854246
2019-08-05 12:00:00,3.3053837111111104,,3.314128672222221,
2019-08-05 13:00:00,3.9219488485453993,,,3.933227855263562
2019-08-05 14:00:00,2.6101711821285347,,2.609231871726334,
2019-08-05 15:00:00,1.5927180788659572,1.604579273725726,,
2019-08-05 16:00:00,1.266517334534236,1.2674156123251092,,
2019-08-05 17:00:00,0.4310091878805492,0.42965933624456987,,
2019-08-06 04:00:00,0.31648274155702016,0.31735856212967567,,
2019-08-06 05:00:00,0.5644642552422173,0.5665096496718593,,
2019-08-06 06:00:00,0.9325148573702369,0.9277480078483928,,
2019-08-06 07:00:00,1.8576881675668582,,1.883735611535938,
2019-08-06 08:00:00,2.2106346657640317,,2.2148409955310875,
2019-08-06 09:00:00,3.058707069313828,,3.0748587343946863,
2019-08-06 10:00:00,3.4099131919900123,,3.4105285279154396,
2019-08-06 11:00:00,5.807087120103144,,,5.809775209221798
2019-08-06 12:00:00,3.5210813599927495,,,3.5319069637620033
2019-08-06 13:00:00,2.2725159494970835,,2.3068907944444423,
2019-08-06 14:00:00,2.668268182814829,,2.63864715201479,
2019-08-06 15:00:00,2.2613593672783345,,2.2597911566701385,
2019-08-06 16:00:00,0.6912773395251882,0.6949314405074222,,
2019-08-06 17:00:00,0.8417724162065855,0.8404342901058393,,
2019-08-07 05:00:00,0.3840838541709235,0.37997925807943117,,
2019-08-07 06:00:00,0.7883922743373436,0.7905828448256801,,
2019-08-07 07:00:00,2.185358707930077,,2.1903646650556405,
2019-08-07 08:00:00,3.548565793749219,,,3.5461655774836687
2019-08-07 09:00:00,2.442837142749773,,2.4396416111599875,
2019-08-07 10:00:00,2.193638688164064,,2.192113658457792,
2019-08-07 11:00:00,3.2242900452625,,3.2347773758180556,
2019-08-07 12:00:00,1.7751528276974415,1.7654366435497826,,
2019-08-07 13:00:00,0.4975306394143826,0.499367186731195,,
2019-08-07 14:00:00,2.4411765523092996,,2.4298004682607237,
2019-08-07 15:00:00,1.8714641750484162,,1.8689824534310304,
2019-08-07 16:00:00,1.0321660750498909,1.0330951952639242,,
2019-08-07 17:00:00,0.3624278548764698,0.35946218238477856,,
2019-08-08 05:00:00,0.4167823253244105,0.417328073172198,,
2019-08-08 06:00:00,0.8292330514755548,0.8282087658694941,,
2019-08-08 07:00:00,1.486440782562421,1.4890938365803186,,
2019-08-08 08:00:00,1.9398361039443077,,1.9796721816488643,
2019-08-08 09:00:00,3.4159169072330178,,3.4162529659811627,
2019-08-08 10:00:00,3.4274365998100857,,3.4355471788274445,
2019-08-08 11:00:00,1.198045490928239,1.1958634579689804,,
2019-08-08 12:00:00,0.3565881427206948,0.3620803536387449,,
2019-08-08 13:00:00,2.8487208733581935,,2.8600411460964583,
2019-08-08 14:00:00,3.160641175899033,,3.1516117755195405,
2019-08-08 15:00:00,0.6397595238443964,0.6475453329016352,,
2019-08-08 16:00:00,0.7640530200334159,0.7658717212865471,,
2019-08-08 17:00:00,0.35604298653029803,0.359670908902757,,
2019-08-09 05:00:00,0.3685320308826867,0.36765898247180645,,
2019-08-09 06:00:00,0.790218434935924,0.7824428515656565,,
2019-08-09 07:00:00,1.8696021740527613,,1.8681161265294124,
2019-08-09 08:00:00,2.9631055920891836,,2.952607134647213,
2019-08-09 09:00:00,4.063780333108977,,,4.0792085402614715
2019-08-09 10:00:00,5.3651164422433055,,,5.37797110297343
2019-08-09 11:00:00,5.620129485631862,,,5.630210632854084
2019-08-09 12:00:00,2.75088305055852,,2.786635536648949,
2019-08-09 13:00:00,1.9978788156007632,,1.999666636511676,
2019-08-09 14:00:00,1.2269440411206858,1.2180176292519989,,
2019-08-09 15:00:00,1.0380214786046247,1.0345050193596628,,
2019-08-09 16:00:00,0.7037288070802333,0.7051338810472854,,
2019-08-09 17:00:00,0.41147612213282714,0.41052938349393564,,
2019-08-10 06:00:00,0.6258296518233913,0.6361388187293415,,
2019-08-10 07:00:00,1.4892401572159253,1.495486377316896,,
2019-08-10 08:00:00,3.033106971332345,,3.02592738306469,
2019-08-10 09:00:00,4.368413142508466,,,4.336646791666667
2019-08-10 10:00:00,4.518619719475322,,,4.5161048537203055
2019-08-10 11:00:00,3.1266457523619606,,3.1360587690525934,
2019-08-10 12:00:00,4.565852222440056,,,4.543495238948088
2019-08-10 13:00:00,3.318184877777777,,3.335184644444445,
2019-08-10 14:00:00,2.2035575409877595,,2.201524707931152,
2019-08-10 15:00:00,0.8211407358012104,0.8234488702026329,,
2019-08-10 16:00:00,1.1382881904164688,1.1435042348231002,,
2019-08-10 17:00:00,0.4540213261390864,0.4551031689221158,,
2019-08-11 04:00:00,0.30609028049212195,0.30817589781304133,,
2019-08-11 05:00:00,0.43492569459994407,0.43637878085858567,,
2019-08-11 06:00:00,0.8166841997450253,0.8145275531279114,,
2019-08-11 07:00:00,1.7295455574414147,1.7436095847358837,,
2019-08-11 08:00:00,2.867752331842928,,2.8609562976942637,
2019-08-11 09:00:00,3.360713946870634,,3.3858000051410033,
2019-08-11 10:00:00,4.54841301091342,,,4.539625203491738
2019-08-11 11:00:00,3.843216635962957,,,3.8386444356475384
2019-08-11 12:00:00,4.429678969852285,,,4.424188504901357
2019-08-11 13:00:00,3.851261258156987,,,3.84347970679185
2019-08-11 14:00:00,3.7444588193281647,,,3.749594449675803
2019-08-11 15:00:00,2.091290914777362,,2.07911457727537,
2019-08-11 16:00:00,1.3525461299775363,1.3542587477332728,,
2019-08-11 17:00:00,0.7676200887256424,0.761611854662441,,
2019-08-12 05:00:00,0.37679088843155456,0.3788260788844107,,
2019-08-12 06:00:00,0.7865513397229171,0.7857552277272342,,
2019-08-12 07:00:00,2.290574286214302,,2.2915851667698584,
2019-08-12 08:00:00,2.773358761836451,,2.7673798004096564,
2019-08-12 09:00:00,3.8414144443356384,,,3.839911299713586
2019-08-12 10:00:00,4.8708508870595875,,,4.8659954267584
2019-08-12 11:00:00,4.358082427806825,,,4.3694092481724685
2019-08-12 12:00:00,2.0845479306923345,,2.065181440455665,
2019-08-12 13:00:00,2.117821956577623,,2.139204389396024,
2019-08-12 14:00:00,2.5455961673203746,,2.5347426995090743,
2019-08-12 15:00:00,3.2623432742849126,,3.243170770093199,
2019-08-12 16:00:00,1.8103439744488314,1.816428732160245,,
2019-08-12 17:00:00,0.612115027216535,0.6084733777448376,,
2019-08-13 05:00:00,0.34712902582484395,0.35113542288228755,,
2019-08-13 06:00:00,0.658739296358135,0.6612638984602113,,
2019-08-13 07:00:00,0.3894857262183147,0.39149667510461816,,
2019-08-13 08:00:00,1.7425858463230377,1.7484437165708833,,
2019-08-13 09:00:00,1.5051222459743265,1.50967850764729,,
2019-08-13 10:00:00,1.625360682143619,1.6323970163819703,,
2019-08-13 11:00:00,1.1804853534104762,1.1830854480355613,,
2019-08-13 12:00:00,1.2169384783732862,1.2180799949554457,,
2019-08-13 13:00:00,0.9351385350841745,0.9325828126371828,,
2019-08-13 14:00:00,1.0412902559616357,1.0393476949709994,,
2019-08-13 15:00:00,0.5296534210032069,0.52747143735688,,
2019-08-13 16:00:00,0.7897292160217435,0.7917363841083523,,
2019-08-13 17:00:00,0.6945401807586841,0.6938589797148237,,
2019-08-14 05:00:00,0.37478037151875915,0.37807397412342747,,
2019-08-14 06:00:00,0.8605681661706198,0.8600950191616787,,
2019-08-14 07:00:00,2.0537745654733217,,2.055569545968248,
2019-08-14 08:00:00,2.839147320438784,,2.830127827018649,
2019-08-14 09:00:00,4.19946725691875,,,4.209118799044457
2019-08-14 10:00:00,3.494748149263175,,,3.5274270107691876
2019-08-14 11:00:00,4.2486261949714965,,,4.246770607921949
2019-08-14 12:00:00,3.521862441448038,,,3.5281594765833204
2019-08-14 13:00:00,4.320738198629669,,,4.369577799045581
2019-08-14 14:00:00,3.960860256817297,,,3.958674748476996
2019-08-14 15:00:00,2.819774606580088,,2.8191004098595287,
2019-08-14 16:00:00,1.82050759217229,,1.8094683215973333,
2019-08-14 17:00:00,0.616073383988614,0.6153597610604503,,
2019-08-15 05:00:00,0.4603472619789413,0.46560977901659006,,
2019-08-15 06:00:00,0.7944485512996543,0.7984002610040111,,
2019-08-15 07:00:00,0.9810374289478108,0.9788080214221204,,
2019-08-15 08:00:00,1.888651334981673,,1.921476796800193,
2019-08-15 09:00:00,1.9724020264765318,,1.9798902037757886,
2019-08-15 10:00:00,1.2905623548445229,1.2970026566928576,,
2019-08-15 11:00:00,0.701367446534765,0.7045075400467915,,
2019-08-15 12:00:00,0.6360656934790073,0.639930147953992,,
2019-08-15 13:00:00,0.7815272948913886,0.7795758407407406,,
2019-08-15 14:00:00,0.523480563755044,0.5181406388816344,,
2019-08-15 15:00:00,0.5844815243698895,0.5887371138023273,,
2019-08-15 16:00:00,0.32127822833333314,0.32362104448524287,,
2019-08-16 06:00:00,0.6898362382869939,0.6877444055195706,,
2019-08-16 07:00:00,2.019542870620873,,2.0223758203669897,
2019-08-16 08:00:00,2.2514241655648775,,2.2331856962535026,
2019-08-16 09:00:00,2.0306173937154424,,2.024594966363318,
2019-08-16 10:00:00,2.1801081360686796,,2.182186794706996,
2019-08-16 11:00:00,3.011704673126585,,3.025112637424989,
2019-08-16 12:00:00,3.2935368076301597,,3.303219061118654,
2019-08-16 13:00:00,1.4339848170561371,1.4388934066094046,,
2019-08-16 14:00:00,2.0973679651466672,,2.084820495697558,
2019-08-16 15:00:00,1.0133358689810452,1.015561440379172,,
2019-08-16 16:00:00,0.5249873813391203,0.5191826595430549,,
2019-08-16 17:00:00,0.49334637876022147,0.4928059098905727,,
2019-08-17 07:00:00,0.44477279456631374,0.44641527198334074,,
2019-08-17 08:00:00,0.9586431480762808,0.9640448937186394,,
2019-08-17 09:00:00,0.8645824824206997,0.860630042787032,,
2019-08-17 10:00:00,1.3740258280039839,1.3692796983072142,,
2019-08-17 11:00:00,1.5146154536734624,1.5316496768840633,,
2019-08-17 12:00:00,1.721942287309393,1.7261908842726297,,
2019-08-17 13:00:00,0.6358832591458348,0.6411933062506011,,
2019-08-17 14:00:00,0.5665788929207224,0.5704647251027014,,
2019-08-17 15:00:00,0.5801980057163939,0.5840858992163048,,
2019-08-17 16:00:00,0.32308499363525867,0.3239615269685921,,
2019-08-17 17:00:00,0.3587772956534115,0.3581428282441139,,
2019-08-18 05:00:00,0.4833209120205783,0.4807945742453086,,
2019-08-18 06:00:00,0.45935501312709454,0.4612460117432807,,
2019-08-18 07:00:00,0.5877834018961852,0.5937360103839118,,
2019-08-18 08:00:00,0.566498427128427,0.5690030940673484,,
2019-08-18 09:00:00,0.7758945712322207,0.7706866332996637,,
2019-08-18 10:00:00,1.2838918609988332,1.295079295643231,,
2019-08-18 11:00:00,1.283641246780773,1.2908781402784775,,
2019-08-18 12:00:00,0.8420140327312342,0.8387907407492193,,
2019-08-18 13:00:00,0.3081740915282346,0.30901831548715597,,
2019-08-18 14:00:00,0.3309378906618754,0.3285255073965941,,
2019-08-19 05:00:00,0.3722720846354163,0.36906562230519485,,
2019-08-19 06:00:00,0.7267043922327234,0.7256091577441077,,
2019-08-19 07:00:00,1.7488209296363153,1.7425877157474263,,
2019-08-19 08:00:00,2.474559487912501,,2.4685114680002527,
2019-08-19 09:00:00,2.7873413005679852,,2.802529626084031,
2019-08-19 10:00:00,2.6019419023137833,,2.61759584937681,
2019-08-19 11:00:00,4.889158050664194,,,4.890986155025553
2019-08-19 12:00:00,4.080017758454847,,,4.0949470733891395
2019-08-19 13:00:00,2.6089929125989904,,2.6099153977077005,
2019-08-19 14:00:00,2.193182731117264,,2.186480397740334,
2019-08-19 15:00:00,1.5633465120692471,1.5529199770390785,,
2019-08-19 16:00:00,1.0550816657713133,1.0640912163753133,,
2019-08-19 17:00:00,0.5409275283515886,0.5472198345896094,,
2019-08-20 05:00:00,0.3590711937744742,0.3579331252461859,,
2019-08-20 06:00:00,0.7901420544224989,0.787623109913119,,
2019-08-20 07:00:00,2.0810747765567785,,2.0683990322930814,
2019-08-20 08:00:00,2.6517693007787675,,2.657183581553702,
2019-08-20 09:00:00,0.9832161652777768,0.9887619747474736,,
2019-08-20 10:00:00,2.8469293989013176,,2.8721586650248567,
2019-08-20 11:00:00,3.669390925708312,,,3.6888857522085994
2019-08-20 12:00:00,3.3569455988911305,,3.37085464574258,
2019-08-20 13:00:00,3.5470967546375096,,,3.5421947606901223
2019-08-20 14:00:00,2.1186227216698192,,2.120075367098214,
2019-08-20 15:00:00,1.6852265043818264,1.6807604096510644,,
2019-08-20 16:00:00,1.5090651834907223,1.5107167722222217,,
2019-08-20 17:00:00,0.5327922104580487,0.5264892130553998,,
2019-08-21 05:00:00,0.3619829416886274,0.36402095114482114,,
2019-08-21 06:00:00,0.7983410745859532,0.7975156000120248,,
2019-08-21 07:00:00,1.8929147233050554,,1.9006452733050565,
2019-08-21 08:00:00,1.2672832910998921,1.2656773586572743,,
2019-08-21 09:00:00,3.8428083657658307,,,3.823902080083912
2019-08-21 10:00:00,5.677073590969361,,,5.674994485867719
2019-08-21 11:00:00,6.07713513333333,,,6.104021916666665
2019-08-21 12:00:00,5.451562047222223,,,5.481900047222222
2019-08-21 13:00:00,4.665504201598338,,,4.657782874327073
2019-08-21 14:00:00,3.9206637575904777,,,3.9058082511292826
2019-08-21 15:00:00,2.3258393671051065,,2.319207058333333,
2019-08-21 16:00:00,1.608934941698879,1.5944116757350488,,
2019-08-21 17:00:00,0.5946979470859818,0.5981102622031826,,
2019-08-22 05:00:00,0.38337309156246574,0.37695967484540693,,
2019-08-22 06:00:00,0.8032347826560756,0.805264817771211,,
2019-08-22 07:00:00,2.1643125913966195,,2.1673887049790252,
2019-08-22 08:00:00,3.5206425026743466,,3.4925119351985403,
2019-08-22 09:00:00,4.099186654777625,,,4.1215724715549245
2019-08-22 10:00:00,3.6351829156966313,,,3.625010078915928
2019-08-22 11:00:00,4.571340815290228,,,4.5529585320690815
2019-08-22 12:00:00,5.600511432636347,,,5.605487578732553
2019-08-22 13:00:00,5.354470201892518,,,5.321926740185964
2019-08-22 14:00:00,4.001480526031716,,,4.0199394786528835
2019-08-22 15:00:00,2.551286835636772,,2.540551016398841,
2019-08-22 16:00:00,0.8039436677801812,0.802093262124704,,
2019-08-22 17:00:00,0.41320437830656315,0.41179707348051203,,
2019-08-23 05:00:00,0.3911115198326538,0.39001873329583087,,
2019-08-23 06:00:00,0.8819603777573815,0.8738191743512012,,
2019-08-23 07:00:00,1.9299740776660346,,1.9520186537135271,
2019-08-23 08:00:00,2.7062439874304567,,2.718369990359717,
2019-08-23 09:00:00,4.461596144992883,,,4.422002134133332
2019-08-23 10:00:00,5.3765683120479935,,,5.373025956285375
2019-08-23 11:00:00,5.602203774999997,,,5.606945370394721
2019-08-23 12:00:00,4.670375973914798,,,4.660725475659465
2019-08-23 13:00:00,4.638875539031662,,,4.597331005174511
2019-08-23 14:00:00,2.6774691572279994,,2.7075183198028254,
2019-08-23 15:00:00,1.088464120718626,1.0901504196188347,,
2019-08-23 16:00:00,0.9060980833021643,0.9004063223070239,,
2019-08-23 17:00:00,0.4686941154797979,0.4675771856060605,,
2019-08-24 05:00:00,0.3270466026660761,0.32684841014930266,,
2019-08-24 06:00:00,0.7786102591844039,0.7705908619108173,,
2019-08-24 07:00:00,2.209908435608196,,2.215061278602424,
2019-08-24 08:00:00,3.682652366431348,,,3.6722667647327953
2019-08-24 09:00:00,4.761522299085355,,,4.771543214837372
2019-08-24 10:00:00,5.535824460173655,,,5.526189752777779
2019-08-24 11:00:00,5.7823511325561405,,,5.776196408375699
2019-08-24 12:00:00,5.850032942614353,,,5.836542931209074
2019-08-24 13:00:00,4.682799232105351,,,4.675463784846858
2019-08-24 15:00:00,3.1508031742903255,,3.1501867696110533,
2019-08-24 16:00:00,1.6529567955327855,1.6521156435544797,,
2019-08-24 17:00:00,0.5633453284228414,0.5670861083593762,,
2019-08-25 05:00:00,0.34452007780174704,0.34955210168387546,,
2019-08-25 06:00:00,0.7967665332487722,0.791175050916783,,
2019-08-25 07:00:00,2.2181992031623525,,2.1854786168616886,
2019-08-25 08:00:00,3.662010137483484,,,3.648051633085384
2019-08-25 09:00:00,4.681560494623489,,,4.668854640332185
2019-08-25 10:00:00,5.466138006302402,,,5.465031802777779
2019-08-25 11:00:00,5.794341395753682,,,5.790199567477908
2019-08-25 12:00:00,5.748194801168317,,,5.76194539736801
2019-08-25 13:00:00,5.101882283355976,,,5.070357227827114
2019-08-25 14:00:00,4.357084278430444,,,4.3163973880094035
2019-08-25 15:00:00,3.120460777700353,,3.111358065694299,
2019-08-25 16:00:00,1.2632369116410502,1.262546572435553,,
2019-08-26 05:00:00,0.45871536674493446,0.46027369312977123,,
2019-08-26 06:00:00,1.0122280204545462,1.0160571689264852,,
2019-08-26 07:00:00,1.9476987926176945,,1.960686460645455,
2019-08-26 08:00:00,3.5232405553238135,,,3.5294525998529434
2019-08-26 09:00:00,4.501354551000695,,,4.497334338867081
2019-08-26 10:00:00,5.30390918210895,,,5.32442549322006
2019-08-26 11:00:00,5.580211860442216,,,5.587075020642884
2019-08-26 12:00:00,5.4395362293505,,,5.41673404241351
2019-08-26 13:00:00,4.913198365684932,,,4.929825839164771
2019-08-26 14:00:00,4.03988771635505,,,4.049109697581813
2019-08-26 15:00:00,2.810802682095802,,2.8817638978439986,
2019-08-26 16:00:00,1.3990237753055796,1.388649368712808,,
2019-08-26 17:00:00,0.567236893485835,0.5648806673740948,,
2019-08-27 05:00:00,0.4581101559036289,0.4574512462905326,,
2019-08-27 06:00:00,0.42002416388091945,0.4226532378962847,,
2019-08-27 07:00:00,0.5632484367945956,0.5691769703011089,,
2019-08-27 08:00:00,2.9707334465183344,,2.938894131071601,
2019-08-27 09:00:00,2.2129851671823744,,2.2026410427812486,
2019-08-27 10:00:00,0.6147377118155241,0.6108295612207607,,
2019-08-27 11:00:00,3.03934838888889,,3.032919097222221,
2019-08-27 12:00:00,4.837492117510423,,,4.837012591700494
2019-08-27 13:00:00,4.3839076260427925,,,4.387931634693442
2019-08-27 14:00:00,3.551585255521128,,,3.529146200716392
2019-08-27 15:00:00,1.254991913801591,1.2549029975513946,,
2019-08-27 16:00:00,0.7247108498629568,0.7184010436881799,,
2019-08-28 05:00:00,0.463542312779363,0.46416880709441766,,
2019-08-28 06:00:00,0.6334766895632101,0.6499357511234193,,
2019-08-28 07:00:00,0.9840770417929295,0.9896188245573687,,
2019-08-28 08:00:00,2.119334652161889,,2.1265311353153153,
2019-08-28 09:00:00,3.0617206166666673,,3.0538169881850026,
2019-08-28 10:00:00,5.092364796632228,,,5.0893860380324325
2019-08-28 11:00:00,4.979205947729371,,,4.957051943805677
2019-08-28 12:00:00,5.038335201535791,,,5.0305761176083
2019-08-28 13:00:00,4.4332472907386675,,,4.4233334107644895
2019-08-28 14:00:00,3.5425808067742084,,,3.540567026218065
2019-08-28 15:00:00,2.5237291862538616,,2.542504477633127,
2019-08-28 16:00:00,1.0923967228933231,1.093427044178444,,
2019-08-28 17:00:00,0.447173435599329,0.44551630795926495,,
2019-08-29 06:00:00,0.45106927723287626,0.45134831905844053,,
2019-08-29 07:00:00,0.49436818537878807,0.4967378437938915,,
2019-08-29 08:00:00,1.219385343441282,1.2158823618059726,,
2019-08-29 09:00:00,1.742466794789128,1.7436685038483597,,
2019-08-29 10:00:00,1.680513695846993,1.6709456251222172,,
2019-08-29 11:00:00,3.3888353253502594,,3.3632155360503395,
2019-08-29 12:00:00,3.6614404162547807,,,3.6677613729009253
2019-08-29 13:00:00,2.431439601288707,,2.4419481467006903,
2019-08-29 14:00:00,2.093485212760782,,2.0850082033035036,
2019-08-29 15:00:00,2.1208639786899495,,2.0781376836376033,
2019-08-29 16:00:00,0.8720966836878301,0.8739358356893622,,
2019-08-29 17:00:00,0.4132315999923255,0.411041682946774,,
2019-08-30 05:00:00,0.3946665578098203,0.3945154019712007,,
2019-08-30 06:00:00,0.826740474657373,0.8312643482760528,,
2019-08-30 07:00:00,1.9325632552581058,,1.9507311138317305,
2019-08-30 08:00:00,2.354168852777776,,2.372434577777776,
2019-08-30 09:00:00,4.59830791456256,,,4.614928628451449
2019-08-30 10:00:00,3.6479873092366404,,,3.650863847268829
2019-08-30 11:00:00,1.9408279655166536,,1.9479443747013607,
2019-08-30 12:00:00,2.2207705240473548,,2.209612499596628,
2019-08-30 13:00:00,2.5291570697637824,,2.5217801383318617,
2019-08-30 14:00:00,1.2557670077291505,1.253375058497945,,
2019-08-30 15:00:00,1.5974357905492889,1.5964665485358804,,
2019-08-30 16:00:00,0.681426288766517,0.6825836793136913,,
2019-08-31 05:00:00,0.3240934579848028,0.3282458494465984,,
2019-08-31 06:00:00,0.833176532714459,0.8390741254789112,,
2019-08-31 07:00:00,2.259258641706993,,2.2357715613284395,
2019-08-31 08:00:00,3.679606606663522,,,3.674436956647098
2019-08-31 09:00:00,4.327856127459768,,,4.34201904722222
2019-08-31 10:00:00,5.12331470733864,,,5.1109897217763836
2019-08-31 11:00:00,5.355335259995989,,,5.350931193599606
2019-08-31 12:00:00,5.292692126700936,,,5.313401247790673
2019-08-31 13:00:00,4.404457180555556,,,4.403924844444444
2019-08-31 14:00:00,3.5064107137246947,,,3.5266131747462333
2019-08-31 15:00:00,2.6040709892872487,,2.6276664514745267,
2019-08-31 16:00:00,1.2619415625807304,1.2526384285038885,,
2019-08-31 17:00:00,0.41572110845040733,0.41867404857815094,,
