dia_mes_ano,hora_minuto,irr,massaPM1,massaPM2,massaPM4,massaPM10,numPM1,numPM2,numPM4,numPM10,tamanho_medio,temp,vento_dir,vento_vel,rainfall
20200308,000100,0,3.58,0.12,0,0,29.55,0.08,0,0,0.46,22.88,90,14.63,0
20200308,000200,0,3.75,0.12,0,0,30.96,0.09,0,0,0.47,23,180,3.99,0
20200308,000300,0,2.84,0.09,0,0,23.45,0.06,0,0,0.48,22.88,135,5.32,0
20200308,000400,0,3.26,0.11,0,0,26.9,0.07,0,0,0.49,22.75,335,6.65,0
20200308,000500,0,3.61,0.12,0,0,29.8,0.08,0,0,0.48,22.62,335,1.33,0
20200308,000600,0,3.22,0.11,0,0,26.59,0.07,0,0,0.48,22.56,90,3.99,0
20200308,000700,0,2.95,0.1,0,0,24.3,0.07,0,0,0.49,22.88,90,7.98,0
20200308,000800,0,3.38,0.11,0,0,27.9,0.08,0,0,0.49,22.94,135,3.99,0
20200308,000900,0,3.22,0.11,0,0,26.54,0.07,0,0,0.49,23,135,6.65,0
20200308,001000,0,3.08,0.1,0,0,25.41,0.07,0,0,0.49,22.88,180,7.98,0
20200308,001100,0,3.16,0.11,0,0,26.04,0.07,0,0,0.47,22.62,135,6.65,0
20200308,001200,0,3.42,0.11,0,0,28.24,0.08,0,0,0.48,22.56,135,2.66,0
20200308,001300,0,3.21,0.11,0,0,26.46,0.07,0,0,0.47,22.75,135,7.98,0
20200308,001400,0,3.23,0.11,0,0,26.66,0.07,0,0,0.48,22.69,135,3.99,0
20200308,001500,0,3.14,0.1,0,0,25.91,0.07,0,0,0.48,22.5,135,5.32,0
20200308,001600,0,3.13,0.1,0,0,25.79,0.07,0,0,0.49,22.56,90,6.65,0
20200308,001700,0,3.33,0.11,0,0,27.46,0.08,0,0,0.47,22.69,90,5.32,0
20200308,001800,0,3.2,0.11,0,0,26.39,0.07,0,0,0.47,22.69,90,9.31,0
20200308,001900,0,2.81,0.09,0,0,23.2,0.06,0,0,0.47,22.69,135,7.98,0
20200308,002000,0,2.99,0.1,0,0,24.65,0.07,0,0,0.49,22.88,135,7.98,0
20200308,002100,0,2.77,0.09,0,0,22.83,0.06,0,0,0.5,22.81,135,7.98,0
20200308,002200,0,3.21,0.11,0,0,26.45,0.07,0,0,0.5,22.81,135,7.98,0
20200308,002300,0,2.96,0.1,0,0,24.44,0.07,0,0,0.5,22.44,180,7.98,0
20200308,002400,0,3.3,0.11,0,0,27.19,0.07,0,0,0.49,22.56,135,7.98,0
20200308,002500,0,3.13,0.1,0,0,25.85,0.07,0,0,0.49,22.69,135,5.32,0
20200308,002600,0,2.81,0.09,0,0,23.18,0.06,0,0,0.49,22.75,45,17.29,0
20200308,002700,0,2.75,0.09,0,0,22.67,0.06,0,0,0.5,22.62,135,9.31,0
20200308,002800,0,2.85,0.09,0,0,23.54,0.06,0,0,0.49,22.88,135,3.99,0
20200308,002900,0,2.32,0.08,0,0,19.16,0.05,0,0,0.48,23.19,135,14.63,0
20200308,003000,0,2.74,0.09,0,0,22.57,0.06,0,0,0.48,23.12,90,7.98,0
20200308,003100,0,1.93,0.06,0,0,15.94,0.04,0,0,0.47,23.06,135,7.98,0
20200308,003200,0,2.51,0.08,0,0,20.71,0.06,0,0,0.49,22.94,90,7.98,0
20200308,003300,0,2.93,0.1,0,0,24.17,0.07,0,0,0.48,22.94,90,9.31,0
20200308,003400,0,2.49,0.08,0,0,20.52,0.06,0,0,0.48,23,90,14.63,0
20200308,003500,0,2.62,0.09,0,0,21.65,0.06,0,0,0.48,22.81,135,6.65,0
20200308,003700,0,2.26,0.08,0,0,18.65,0.05,0,0,0.47,23.12,90,3.99,0
20200308,003800,0,2.5,0.08,0,0,20.67,0.06,0,0,0.47,23,135,7.98,0
20200308,003900,0,1.98,0.07,0,0,16.35,0.04,0,0,0.47,22.94,90,13.3,0
20200308,004000,0,2.34,0.08,0,0,19.29,0.05,0,0,0.47,23,90,13.3,0
20200308,004100,0,2.44,0.08,0,0,20.17,0.06,0,0,0.49,22.81,135,6.65,0
20200308,004200,0,1.85,0.06,0,0,15.28,0.04,0,0,0.49,22.88,180,5.32,0
20200308,004300,0,2.38,0.08,0,0,19.62,0.05,0,0,0.49,22.75,90,7.98,0
20200308,004400,0,2.22,0.07,0,0,18.34,0.05,0,0,0.49,22.69,135,7.98,0
20200308,004500,0,2.16,0.07,0,0,17.79,0.05,0,0,0.48,22.81,135,3.99,0
20200308,004600,0,1.88,0.06,0,0,15.54,0.04,0,0,0.47,22.75,135,10.64,0
20200308,004700,0,2.15,0.07,0,0,17.72,0.05,0,0,0.46,22.75,135,7.98,0
20200308,004800,0,2.1,0.07,0,0,17.33,0.05,0,0,0.47,22.81,180,2.66,0
20200308,004900,0,2.42,0.08,0,0,19.95,0.05,0,0,0.48,23.06,135,14.63,0
20200308,005000,0,1.89,0.06,0,0,15.57,0.04,0,0,0.48,22.94,180,6.65,0
20200308,005100,0,2.14,0.07,0,0,17.68,0.05,0,0,0.51,22.88,90,14.63,0
20200308,005200,0,2.03,0.07,0,0,16.77,0.05,0,0,0.51,22.69,135,7.98,0
20200308,005300,0,2.01,0.07,0,0,16.6,0.05,0,0,0.52,22.69,135,5.32,0
20200308,005400,0,2.67,0.09,0,0,21.99,0.06,0,0,0.5,22.62,0,9.31,0
20200308,005500,0,2.21,0.07,0,0,18.26,0.05,0,0,0.49,22.62,90,5.32,0
20200308,005600,0,1.81,0.06,0,0,14.92,0.04,0,0,0.47,22.5,90,11.97,0
20200308,005700,0,1.9,0.06,0,0,15.7,0.04,0,0,0.49,22.62,135,10.64,0
20200308,005800,0,2.2,0.07,0,0,18.13,0.05,0,0,0.49,23.12,90,9.31,0
20200308,005900,0,2.07,0.07,0,0,17.08,0.05,0,0,0.48,23.06,135,9.31,0
20200308,010000,0,1.96,0.07,0,0,16.17,0.04,0,0,0.47,23.06,90,9.31,0
20200308,010100,0,1.79,0.06,0,0,14.76,0.04,0,0,0.48,22.94,180,5.32,0
20200308,010200,0,2.33,0.08,0,0,19.23,0.05,0,0,0.48,22.75,135,11.97,0
20200308,010300,0,2.27,0.08,0,0,18.74,0.05,0,0,0.46,22.81,135,11.97,0
20200308,010400,0,1.84,0.06,0,0,15.19,0.04,0,0,0.46,22.69,180,5.32,0
20200308,010500,0,2.35,0.08,0,0,19.42,0.05,0,0,0.45,22.69,90,9.31,0
20200308,010600,0,2.29,0.08,0,0,18.91,0.05,0,0,0.45,22.5,135,2.66,0
20200308,010700,0,2.13,0.07,0,0,17.6,0.05,0,0,0.47,22.44,135,6.65,0
20200308,010800,0,2.03,0.07,0,0,16.75,0.05,0,0,0.46,22.56,90,10.64,0
20200308,010900,0,2,0.07,0,0,16.5,0.05,0,0,0.46,22.56,135,3.99,0
20200308,011000,0,1.98,0.07,0,0,16.3,0.04,0,0,0.46,22.69,45,6.65,0
20200308,011100,0,1.93,0.06,0,0,15.91,0.04,0,0,0.46,22.56,135,7.98,0
20200308,011200,0,1.96,0.07,0,0,16.18,0.04,0,0,0.44,22.62,135,5.32,0
20200308,011300,0,2.49,0.08,0,0,20.56,0.06,0,0,0.45,22.44,45,11.97,0
20200308,011400,0,2.26,0.08,0,0,18.61,0.05,0,0,0.44,22.31,90,3.99,0
20200308,011500,0,2.29,0.08,0,0,18.87,0.05,0,0,0.45,22.5,135,7.98,0
20200308,011600,0,1.97,0.07,0,0,16.29,0.04,0,0,0.45,22.56,90,11.97,0
20200308,011700,0,2.14,0.07,0,0,17.63,0.05,0,0,0.45,22.5,180,3.99,0
20200308,011800,0,2,0.07,0,0,16.47,0.05,0,0,0.45,22.5,90,10.64,0
20200308,011900,0,2.09,0.07,0,0,17.22,0.05,0,0,0.46,22.44,135,6.65,0
20200308,012000,0,2.01,0.07,0,0,16.59,0.05,0,0,0.47,22.38,90,10.64,0
20200308,012100,0,2.13,0.07,0,0,17.61,0.05,0,0,0.46,22.56,135,6.65,0
20200308,012200,0,2.08,0.07,0,0,17.19,0.05,0,0,0.46,22.62,135,6.65,0
20200308,012300,0,2.02,0.07,0,0,16.69,0.05,0,0,0.47,22.44,45,13.3,0
20200308,012400,0,1.62,0.05,0,0,13.37,0.04,0,0,0.47,22.44,135,10.64,0
20200308,012500,0,2.26,0.08,0,0,18.61,0.05,0,0,0.48,22.25,45,14.63,0
20200308,012600,0,1.63,0.05,0,0,13.43,0.04,0,0,0.49,22.31,90,10.64,0
20200308,012700,0,2.08,0.07,0,0,17.16,0.05,0,0,0.48,22.25,135,6.65,0
20200308,012800,0,2.08,0.07,0,0,17.18,0.05,0,0,0.48,22.06,135,3.99,0
20200308,012900,0,2.25,0.07,0,0,18.55,0.05,0,0,0.47,22.31,90,7.98,0
20200308,013000,0,1.77,0.06,0,0,14.6,0.04,0,0,0.47,22.25,90,7.98,0
20200308,013100,0,2.08,0.07,0,0,17.15,0.05,0,0,0.45,22.12,0,14.63,0
20200308,013200,0,2.06,0.07,0,0,16.98,0.05,0,0,0.45,22.31,45,15.96,0
20200308,013300,0,2.29,0.08,0,0,18.92,0.05,0,0,0.45,22.38,45,7.98,0
20200308,013400,0,2.06,0.07,0,0,16.99,0.05,0,0,0.45,22.38,90,6.65,0
20200308,013500,0,2.2,0.07,0,0,18.19,0.05,0,0,0.45,22.31,180,3.99,0
20200308,013600,0,1.76,0.06,0,0,14.53,0.04,0,0,0.45,22.06,90,7.98,0
20200308,013700,0,2.05,0.07,0,0,16.9,0.05,0,0,0.47,22.12,45,10.64,0
20200308,013800,0,1.79,0.06,0,0,14.79,0.04,0,0,0.46,22.25,135,5.32,0
20200308,013900,0,2.23,0.07,0,0,18.4,0.05,0,0,0.47,22.19,135,10.64,0
20200308,014000,0,1.95,0.06,0,0,16.1,0.04,0,0,0.46,22.44,135,10.64,0
20200308,014100,0,2.07,0.07,0,0,17.08,0.05,0,0,0.46,22.38,135,3.99,0
20200308,014200,0,1.96,0.07,0,0,16.19,0.04,0,0,0.47,22.31,90,14.63,0
20200308,014300,0,2.11,0.07,0,0,17.42,0.05,0,0,0.46,22.25,45,2.66,0
20200308,014400,0,2.08,0.07,0,0,17.16,0.05,0,0,0.45,22,90,10.64,0
20200308,014500,0,1.85,0.06,0,0,15.25,0.04,0,0,0.46,22.12,90,6.65,0
20200308,014600,0,2.22,0.07,0,0,18.3,0.05,0,0,0.46,21.94,135,5.32,0
20200308,014700,0,2.2,0.07,0,0,18.11,0.05,0,0,0.45,22,135,6.65,0
20200308,014800,0,2.33,0.08,0,0,19.24,0.05,0,0,0.46,22.06,45,2.66,0
20200308,014900,0,1.95,0.06,0,0,16.11,0.04,0,0,0.48,22.06,90,9.31,0
20200308,015000,0,2.12,0.07,0,0,17.51,0.05,0,0,0.49,22.12,90,3.99,0
20200308,015100,0,1.69,0.06,0,0,13.91,0.04,0,0,0.49,22.06,135,7.98,0
20200308,015200,0,2.19,0.07,0,0,18.06,0.05,0,0,0.48,21.81,135,2.66,0
20200308,015300,0,2.13,0.07,0,0,17.56,0.05,0,0,0.48,21.88,135,3.99,0
20200308,015400,0,2.16,0.07,0,0,17.85,0.05,0,0,0.48,21.75,90,6.65,0
20200308,015500,0,1.89,0.06,0,0,15.57,0.04,0,0,0.49,21.75,135,10.64,0
20200308,015600,0,2.34,0.08,0,0,19.32,0.05,0,0,0.48,21.81,135,2.66,0
20200308,015700,0,2.13,0.07,0,0,17.53,0.05,0,0,0.47,21.75,135,3.99,0
20200308,015800,0,1.81,0.06,0,0,14.94,0.04,0,0,0.48,21.88,45,7.98,0
20200308,015900,0,1.94,0.06,0,0,16.01,0.04,0,0,0.47,21.88,180,3.99,0
20200308,020000,0,2.34,0.08,0,0,19.33,0.05,0,0,0.46,21.88,45,3.99,0
20200308,020100,0,2.28,0.08,0,0,18.8,0.05,0,0,0.47,21.81,180,5.32,0
20200308,020200,0,2.15,0.07,0,0,17.78,0.05,0,0,0.46,21.75,45,3.99,0
20200308,020300,0,2.31,0.08,0,0,19.02,0.05,0,0,0.47,21.88,135,7.98,0
20200308,020400,0,2.07,0.07,0,0,17.1,0.05,0,0,0.48,21.75,180,2.66,0
20200308,020500,0,2.19,0.07,0,0,18.1,0.05,0,0,0.48,21.69,180,2.66,0
20200308,020600,0,2.4,0.08,0,0,19.82,0.05,0,0,0.47,21.81,45,15.96,0
20200308,020700,0,2.16,0.07,0,0,17.83,0.05,0,0,0.48,22.38,135,5.32,0
20200308,020800,0,2.23,0.07,0,0,18.41,0.05,0,0,0.48,22.31,90,6.65,0
20200308,020900,0,2.01,0.07,0,0,16.61,0.05,0,0,0.46,22.38,135,7.98,0
20200308,021000,0,2.54,0.08,0,0,20.95,0.06,0,0,0.46,22.19,180,5.32,0
20200308,021100,0,2.31,0.08,0,0,19.05,0.05,0,0,0.46,22.12,135,5.32,0
20200308,021200,0,2.42,0.08,0,0,20,0.05,0,0,0.46,22.25,135,6.65,0
20200308,021300,0,2.31,0.08,0,0,19.06,0.05,0,0,0.47,22.12,0,14.63,0
20200308,021400,0,2.05,0.07,0,0,16.92,0.05,0,0,0.47,22.25,45,14.63,0
20200308,021500,0,2.01,0.07,0,0,16.58,0.05,0,0,0.47,22.19,45,11.97,0
20200308,021600,0,2.23,0.07,0,0,18.38,0.05,0,0,0.46,22.06,45,18.62,0
20200308,021700,0,2.02,0.07,0,0,16.63,0.05,0,0,0.46,22.62,45,9.31,0
20200308,021800,0,2.67,0.09,0,0,22.05,0.06,0,0,0.47,22.75,90,7.98,0
20200308,021900,0,2.22,0.07,0,0,18.35,0.05,0,0,0.45,22.44,45,13.3,0
20200308,022000,0,2.05,0.07,0,0,16.9,0.05,0,0,0.44,22.56,45,11.97,0
20200308,022100,0,2.23,0.07,0,0,18.39,0.05,0,0,0.45,22.25,90,6.65,0
20200308,022200,0,2.4,0.08,0,0,19.81,0.05,0,0,0.46,22.25,90,10.64,0
20200308,022300,0,2.44,0.08,0,0,20.1,0.06,0,0,0.47,22.44,90,17.29,0
20200308,022400,0,2.46,0.08,0,0,20.3,0.06,0,0,0.46,22.62,45,13.3,0
20200308,022500,0,2.02,0.07,0,0,16.66,0.05,0,0,0.46,22.62,0,21.28,0
20200308,022600,0,2.06,0.07,0,0,16.97,0.05,0,0,0.46,22.56,180,3.99,0
20200308,022700,0,2.25,0.08,0,0,18.6,0.05,0,0,0.45,22.5,0,13.3,0
20200308,022800,0,2.68,0.09,0,0,22.1,0.06,0,0,0.44,22.44,135,3.99,0
20200308,022900,0,2.32,0.08,0,0,19.16,0.05,0,0,0.44,22.44,45,13.3,0
20200308,023000,0,2.18,0.07,0,0,18,0.05,0,0,0.45,22.38,225,9.31,0
20200308,023100,0,2.27,0.08,0,0,18.7,0.05,0,0,0.45,22.31,90,7.98,0
20200308,023200,0,1.61,0.05,0,0,13.27,0.04,0,0,0.45,22.38,0,5.32,0
20200308,023300,0,2.45,0.08,0,0,20.2,0.06,0,0,0.45,22.44,90,6.65,0
20200308,023400,0,2.55,0.08,0,0,21.05,0.06,0,0,0.44,22.25,90,9.31,0
20200308,023500,0,2.45,0.08,0,0,20.2,0.06,0,0,0.44,22.25,90,13.3,0
20200308,023600,0,2.21,0.07,0,0,18.22,0.05,0,0,0.45,22.56,135,7.98,0
20200308,023700,0,2.55,0.08,0,0,21.03,0.06,0,0,0.45,22.38,135,9.31,0
20200308,023800,0,2.85,0.09,0,0,23.54,0.06,0,0,0.44,22.38,0,15.96,0
20200308,023900,0,2.5,0.08,0,0,20.65,0.06,0,0,0.44,22.44,135,5.32,0
20200308,024000,0,2.49,0.08,0,0,20.57,0.06,0,0,0.45,22.38,135,13.3,0
20200308,024100,0,2.17,0.07,0,0,17.86,0.05,0,0,0.45,22.19,135,6.65,0
20200308,024200,0,2.12,0.07,0,0,17.46,0.05,0,0,0.44,22.31,90,22.61,0
20200308,024300,0,2.46,0.08,0,0,20.32,0.06,0,0,0.45,22.5,180,10.64,0
20200308,024400,0,2.18,0.07,0,0,18,0.05,0,0,0.45,22.31,90,6.65,0
20200308,024500,0,2.15,0.07,0,0,17.7,0.05,0,0,0.46,22.5,135,7.98,0
20200308,024600,0,2.1,0.07,0,0,17.35,0.05,0,0,0.45,22.31,135,9.31,0
20200308,024700,0,2.16,0.07,0,0,17.82,0.05,0,0,0.45,22.19,135,3.99,0
20200308,024800,0,2.15,0.07,0,0,17.73,0.05,0,0,0.45,21.94,90,9.31,0
20200308,024900,0,2.75,0.09,0,0,22.7,0.06,0,0,0.46,21.94,180,11.97,0
20200308,025000,0,1.96,0.07,0,0,16.18,0.04,0,0,0.46,22.19,135,9.31,0
20200308,025100,0,2.09,0.07,0,0,17.24,0.05,0,0,0.47,22.19,45,17.29,0
20200308,025200,0,2.72,0.09,0,0,22.43,0.06,0,0,0.48,22.19,90,11.97,0
20200308,025300,0,2.39,0.08,0,0,19.75,0.05,0,0,0.47,22.38,90,18.62,0
20200308,025400,0,2.29,0.08,0,0,18.92,0.05,0,0,0.48,22.5,135,7.98,0
20200308,025500,0,2.37,0.08,0,0,19.52,0.05,0,0,0.48,22.31,90,6.65,0
20200308,025600,0,2.57,0.09,0,0,21.17,0.06,0,0,0.46,22.19,135,7.98,0
20200308,025700,0,2.49,0.08,0,0,20.54,0.06,0,0,0.47,22.25,90,10.64,0
20200308,025800,0,2.27,0.08,0,0,18.74,0.05,0,0,0.48,22.38,180,11.97,0
20200308,025900,0,2.25,0.07,0,0,18.57,0.05,0,0,0.49,22.38,135,6.65,0
20200308,030000,0,2.15,0.07,0,0,17.75,0.05,0,0,0.48,22.25,135,7.98,0
20200308,030100,0,1.92,0.06,0,0,15.87,0.04,0,0,0.47,22.31,90,13.3,0
20200308,030200,0,2.19,0.07,0,0,18.07,0.05,0,0,0.47,22.25,135,9.31,0
20200308,030300,0,2.4,0.08,0,0,19.77,0.05,0,0,0.46,22,180,7.98,0
20200308,030400,0,2.27,0.08,0,0,18.69,0.05,0,0,0.46,21.94,0,17.29,0
20200308,030500,0,2.56,0.09,0,0,21.12,0.06,0,0,0.45,22.06,135,3.99,0
20200308,030600,0,2.16,0.07,0,0,17.81,0.05,0,0,0.45,22,90,6.65,0
20200308,030700,0,2.06,0.07,0,0,16.98,0.05,0,0,0.45,22.06,90,14.63,0
20200308,030800,0,2.41,0.08,0,0,19.88,0.05,0,0,0.46,22.12,135,3.99,0
20200308,030900,0,2.51,0.08,0,0,20.71,0.06,0,0,0.46,22.12,90,6.65,0
20200308,031000,0,2.46,0.08,0,0,20.29,0.06,0,0,0.46,22.12,135,7.98,0
20200308,031100,0,2.41,0.08,0,0,19.87,0.05,0,0,0.45,22,135,6.65,0
20200308,031200,0,2.23,0.07,0,0,18.39,0.05,0,0,0.45,22.06,335,11.97,0
20200308,031300,0,2.44,0.08,0,0,20.11,0.06,0,0,0.46,22.19,90,13.3,0
20200308,031400,0,2.17,0.07,0,0,17.92,0.05,0,0,0.46,22,135,3.99,0
20200308,031500,0,2.11,0.07,0,0,17.39,0.05,0,0,0.47,21.81,135,5.32,0
20200308,031600,0,2.24,0.07,0,0,18.5,0.05,0,0,0.47,22,90,7.98,0
20200308,031700,0,2.16,0.07,0,0,17.79,0.05,0,0,0.46,21.75,135,3.99,0
20200308,031800,0,2.25,0.07,0,0,18.57,0.05,0,0,0.47,21.94,90,13.3,0
20200308,031900,0,2.44,0.08,0,0,20.1,0.06,0,0,0.47,22.12,0,13.3,0
20200308,032000,0,2.39,0.08,0,0,19.72,0.05,0,0,0.47,22.06,45,11.97,0
20200308,032100,0,2.68,0.09,0,0,22.1,0.06,0,0,0.47,22.12,90,7.98,0
20200308,032200,0,2.35,0.08,0,0,19.43,0.05,0,0,0.48,22.12,90,11.97,0
20200308,032300,0,2.47,0.08,0,0,20.35,0.06,0,0,0.47,22.44,90,13.3,0
20200308,032400,0,2.09,0.07,0,0,17.28,0.05,0,0,0.47,22.19,90,9.31,0
20200308,032500,0,2.3,0.08,0,0,18.98,0.05,0,0,0.46,22.25,45,26.6,0
20200308,032600,0,2.54,0.08,0,0,20.99,0.06,0,0,0.45,22.19,0,9.31,0
20200308,032700,0,2.36,0.08,0,0,19.48,0.05,0,0,0.45,22.12,0,10.64,0
20200308,032800,0,2.08,0.07,0,0,17.2,0.05,0,0,0.46,22.25,45,11.97,0
20200308,032900,0,2.37,0.08,0,0,19.59,0.05,0,0,0.46,22.06,135,6.65,0
20200308,033000,0,2.34,0.08,0,0,19.26,0.05,0,0,0.47,21.88,180,3.99,0
20200308,033100,0,2.25,0.07,0,0,18.52,0.05,0,0,0.47,21.75,135,9.31,0
20200308,033200,0,2.56,0.09,0,0,21.15,0.06,0,0,0.48,21.88,90,9.31,0
20200308,033300,0,2.35,0.08,0,0,19.36,0.05,0,0,0.48,22,45,15.96,0
20200308,033400,0,2.47,0.08,0,0,20.4,0.06,0,0,0.48,22,0,7.98,0
20200308,033500,0,2.37,0.08,0,0,19.54,0.05,0,0,0.48,22.06,90,14.63,0
20200308,033600,0,2.21,0.07,0,0,18.23,0.05,0,0,0.48,21.94,45,9.31,0
20200308,033700,0,2.47,0.08,0,0,20.38,0.06,0,0,0.47,21.94,45,5.32,0
20200308,033800,0,2.2,0.07,0,0,18.17,0.05,0,0,0.47,21.94,135,14.63,0
20200308,033900,0,2.43,0.08,0,0,20.04,0.06,0,0,0.48,22.25,180,23.94,0
20200308,034000,0,2.14,0.07,0,0,17.65,0.05,0,0,0.46,22.62,45,29.26,0
20200308,034100,0,2.51,0.08,0,0,20.74,0.06,0,0,0.46,22.56,90,11.97,0
20200308,034200,0,2.56,0.09,0,0,21.11,0.06,0,0,0.47,22.31,180,10.64,0
20200308,034300,0,2.14,0.07,0,0,17.62,0.05,0,0,0.47,22.38,90,11.97,0
20200308,034400,0,2.3,0.08,0,0,19,0.05,0,0,0.47,22.25,90,7.98,0
20200308,034500,0,2.59,0.09,0,0,21.36,0.06,0,0,0.46,22.38,45,10.64,0
20200308,034600,0,2.26,0.08,0,0,18.62,0.05,0,0,0.46,22.31,135,9.31,0
20200308,034700,0,2.49,0.08,0,0,20.55,0.06,0,0,0.46,22.38,135,17.29,0
20200308,034800,0,2.08,0.07,0,0,17.17,0.05,0,0,0.46,22.38,45,13.3,0
20200308,034900,0,2.27,0.08,0,0,18.74,0.05,0,0,0.46,22.31,90,25.27,0
20200308,035000,0,2.56,0.09,0,0,21.09,0.06,0,0,0.47,22.25,135,13.3,0
20200308,035100,0,2.52,0.08,0,0,20.76,0.06,0,0,0.46,22.19,90,11.97,0
20200308,035200,0,2.39,0.08,0,0,19.71,0.05,0,0,0.47,22.31,45,11.97,0
20200308,035300,0,2.68,0.09,0,0,22.09,0.06,0,0,0.47,22.44,45,17.29,0
20200308,035400,0,2.55,0.08,0,0,21.04,0.06,0,0,0.47,22.31,90,14.63,0
20200308,035500,0,2.19,0.07,0,0,18.07,0.05,0,0,0.47,22.19,335,7.98,0
20200308,035600,0,2.36,0.08,0,0,19.5,0.05,0,0,0.47,22,0,6.65,0
20200308,035700,0,2.35,0.08,0,0,19.36,0.05,0,0,0.47,22.06,45,14.63,0
20200308,035800,0,2.32,0.08,0,0,19.13,0.05,0,0,0.48,22.31,135,9.31,0
20200308,035900,0,2.62,0.09,0,0,21.65,0.06,0,0,0.5,22.25,90,14.63,0
20200308,040000,0,2.39,0.08,0,0,19.7,0.05,0,0,0.49,22.38,135,7.98,0
20200308,040100,0,2.28,0.08,0,0,18.8,0.05,0,0,0.48,22.38,45,14.63,0
20200308,040200,0,2.93,0.1,0,0,24.15,0.07,0,0,0.47,22.25,135,21.28,0
20200308,040300,0,2.37,0.08,0,0,19.59,0.05,0,0,0.46,22.31,135,3.99,0
20200308,040400,0,2.36,0.08,0,0,19.46,0.05,0,0,0.47,21.94,135,10.64,0
20200308,040500,0,2.08,0.07,0,0,17.2,0.05,0,0,0.45,22.12,90,5.32,0
20200308,040600,0,2.26,0.08,0,0,18.68,0.05,0,0,0.46,22.06,45,9.31,0
20200308,040700,0,2.26,0.08,0,0,18.62,0.05,0,0,0.48,22,135,3.99,0
20200308,040800,0,2.21,0.07,0,0,18.21,0.05,0,0,0.47,21.88,180,7.98,0
20200308,040900,0,2.2,0.07,0,0,18.16,0.05,0,0,0.47,22,135,3.99,0
20200308,041000,0,2.56,0.09,0,0,21.16,0.06,0,0,0.45,22.12,45,19.95,0
20200308,041100,0,2.37,0.08,0,0,19.58,0.05,0,0,0.44,22.12,135,6.65,0
20200308,041200,0,2.45,0.08,0,0,20.21,0.06,0,0,0.44,22.12,90,9.31,0
20200308,041300,0,2.1,0.07,0,0,17.35,0.05,0,0,0.46,22.12,135,6.65,0
20200308,041400,0,2.5,0.08,0,0,20.59,0.06,0,0,0.43,22.12,135,7.98,0
20200308,041500,0,2.57,0.09,0,0,21.2,0.06,0,0,0.43,22,45,10.64,0
20200308,041600,0,2.28,0.08,0,0,18.84,0.05,0,0,0.44,21.94,135,10.64,0
20200308,041700,0,2.18,0.07,0,0,18,0.05,0,0,0.44,21.94,135,10.64,0
20200308,041800,0,2.42,0.08,0,0,19.93,0.05,0,0,0.44,21.81,0,13.3,0
20200308,041900,0,2.37,0.08,0,0,19.52,0.05,0,0,0.45,21.88,135,6.65,0
20200308,042000,0,2.29,0.08,0,0,18.91,0.05,0,0,0.45,21.75,45,7.98,0
20200308,042100,0,2.61,0.09,0,0,21.57,0.06,0,0,0.47,21.69,90,7.98,0
20200308,042300,0,2.4,0.08,0,0,19.83,0.05,0,0,0.48,21.81,90,18.62,0
20200308,042400,0,2.23,0.07,0,0,18.37,0.05,0,0,0.48,21.81,180,2.66,0
20200308,042500,0,2.41,0.08,0,0,19.9,0.05,0,0,0.46,21.81,0,6.65,0
20200308,042600,0,2.65,0.09,0,0,21.84,0.06,0,0,0.46,21.81,90,5.32,0
20200308,042700,0,2.51,0.08,0,0,20.72,0.06,0,0,0.45,21.75,135,2.66,0
20200308,042800,0,2.29,0.08,0,0,18.89,0.05,0,0,0.44,21.75,270,14.63,0
20200308,042900,0,2.66,0.09,0,0,21.97,0.06,0,0,0.43,21.62,135,9.31,0
20200308,043000,0,2.35,0.08,0,0,19.36,0.05,0,0,0.43,21.5,45,10.64,0
20200308,043100,0,2.66,0.09,0,0,21.93,0.06,0,0,0.42,21.75,90,6.65,0
20200308,043200,0,2.65,0.09,0,0,21.83,0.06,0,0,0.44,21.69,135,3.99,0
20200308,043300,0,2.23,0.07,0,0,18.41,0.05,0,0,0.44,21.69,135,7.98,0
20200308,043400,0,1.85,0.06,0,0,15.27,0.04,0,0,0.43,21.56,135,9.31,0
20200308,043500,0,2.64,0.09,0,0,21.79,0.06,0,0,0.43,21.69,135,13.3,0
20200308,043600,0,2.5,0.08,0,0,20.67,0.06,0,0,0.45,21.44,90,7.98,0
20200308,043700,0,2.97,0.1,0,0,24.51,0.07,0,0,0.44,21.5,135,6.65,0
20200308,043800,0,2.48,0.08,0,0,20.43,0.06,0,0,0.44,21.25,135,9.31,0
20200308,043900,0,2.35,0.08,0,0,19.38,0.05,0,0,0.44,21.38,0,2.66,0
20200308,044000,0,2.66,0.09,0,0,21.95,0.06,0,0,0.44,21.31,0,5.32,0
20200308,044100,0,2.57,0.09,0,0,21.2,0.06,0,0,0.45,21.38,135,7.98,0
20200308,044200,0,2.6,0.09,0,0,21.42,0.06,0,0,0.45,21.44,90,11.97,0
20200308,044300,0,2.22,0.07,0,0,18.28,0.05,0,0,0.45,21.44,0,6.65,0
20200308,044400,0,2.53,0.08,0,0,20.87,0.06,0,0,0.44,21.38,90,5.32,0
20200308,044500,0,2.89,0.1,0,0,23.88,0.07,0,0,0.45,21.5,90,19.95,0
20200308,044600,0,2.57,0.09,0,0,21.21,0.06,0,0,0.45,21.38,135,5.32,0
20200308,044700,0,2.69,0.09,0,0,22.17,0.06,0,0,0.45,21.38,135,9.31,0
20200308,044800,0,2.57,0.09,0,0,21.17,0.06,0,0,0.45,21.19,135,2.66,0
20200308,044900,0,2.49,0.08,0,0,20.57,0.06,0,0,0.45,21.12,0,9.31,0
20200308,045000,0,2.49,0.08,0,0,20.55,0.06,0,0,0.46,21.12,135,7.98,0
20200308,045100,0,2.68,0.09,0,0,22.14,0.06,0,0,0.47,21.38,135,15.96,0
20200308,045200,0,3.19,0.11,0,0,26.35,0.07,0,0,0.47,21.5,90,10.64,0
20200308,045300,0,2.87,0.1,0,0,23.72,0.07,0,0,0.46,21.44,180,5.32,0
20200308,045400,0,2.6,0.09,0,0,21.44,0.06,0,0,0.46,21.25,135,15.96,0
20200308,045500,0,3,0.1,0,0,24.78,0.07,0,0,0.47,21.31,135,9.31,0
20200308,045600,0,2.52,0.08,0,0,20.76,0.06,0,0,0.46,21.25,135,5.32,0
20200308,045700,0,2.59,0.09,0,0,21.41,0.06,0,0,0.46,21.25,45,5.32,0
20200308,045800,0,2.54,0.08,0,0,20.92,0.06,0,0,0.47,21.25,45,14.63,0
20200308,045900,0,2.67,0.09,0,0,22.03,0.06,0,0,0.47,21.06,135,6.65,0
20200308,050000,0,2.73,0.09,0,0,22.52,0.06,0,0,0.47,21,135,3.99,0
20200308,050100,0,3.08,0.1,0,0,25.41,0.07,0,0,0.45,21.31,90,9.31,0
20200308,050200,0,2.52,0.08,0,0,20.83,0.06,0,0,0.44,21.38,90,6.65,0
20200308,050300,0,2.77,0.09,0,0,22.87,0.06,0,0,0.45,21.38,135,6.65,0
20200308,050400,0,2.56,0.09,0,0,21.12,0.06,0,0,0.45,21.19,180,1.33,0
20200308,050500,0,3.03,0.1,0,0,25.01,0.07,0,0,0.46,21.25,90,14.63,0
20200308,050600,0,2.57,0.09,0,0,21.21,0.06,0,0,0.47,21.19,180,2.66,0
20200308,050700,0,2.67,0.09,0,0,22.04,0.06,0,0,0.49,21.12,135,6.65,0
20200308,050800,0,2.82,0.09,0,0,23.27,0.06,0,0,0.48,21.06,180,6.65,0
20200308,050900,0,3.12,0.1,0,0,25.7,0.07,0,0,0.47,21,135,13.3,0
20200308,051000,0,2.51,0.08,0,0,20.71,0.06,0,0,0.47,21.06,180,7.98,0
20200308,051100,0,2.89,0.1,0,0,23.85,0.07,0,0,0.47,21,135,6.65,0
20200308,051200,0,2.76,0.09,0,0,22.79,0.06,0,0,0.46,21,90,9.31,0
20200308,051300,0,2.5,0.08,0,0,20.66,0.06,0,0,0.46,21.12,90,5.32,0
20200308,051400,0,2.55,0.08,0,0,21.02,0.06,0,0,0.46,21.25,90,13.3,0
20200308,051500,0,2.74,0.09,0,0,22.59,0.06,0,0,0.46,21.19,90,14.63,0
20200308,051600,0,3.2,0.11,0,0,26.38,0.07,0,0,0.46,20.88,90,10.64,0
20200308,051700,0,2.7,0.09,0,0,22.26,0.06,0,0,0.46,20.81,90,7.98,0
20200308,051800,0,2.72,0.09,0,0,22.48,0.06,0,0,0.46,21.06,0,11.97,0
20200308,051900,0,2.8,0.09,0,0,23.13,0.06,0,0,0.45,21.19,45,9.31,0
20200308,052000,0,2.71,0.09,0,0,22.34,0.06,0,0,0.45,21.38,90,15.96,0
20200308,052100,0,2.71,0.09,0,0,22.32,0.06,0,0,0.45,21.12,90,19.95,0
20200308,052200,0,2.21,0.07,0,0,18.26,0.05,0,0,0.45,21.06,45,6.65,0
20200308,052300,0,3.02,0.1,0,0,24.92,0.07,0,0,0.44,21.12,45,13.3,0
20200308,052400,0,2.74,0.09,0,0,22.61,0.06,0,0,0.44,21,90,3.99,0
20200308,052500,0,3.15,0.1,0,0,25.95,0.07,0,0,0.44,21,135,3.99,0
20200308,052600,0,2.73,0.09,0,0,22.53,0.06,0,0,0.44,20.94,90,10.64,0
20200308,052700,0,2.62,0.09,0,0,21.64,0.06,0,0,0.45,20.94,90,7.98,0
20200308,052800,0,2.79,0.09,0,0,22.99,0.06,0,0,0.46,20.94,135,9.31,0
20200308,052900,0,2.75,0.09,0,0,22.71,0.06,0,0,0.46,21,90,15.96,0
20200308,053000,0,2.49,0.08,0,0,20.51,0.06,0,0,0.45,21,135,2.66,0
20200308,053100,0,2.7,0.09,0,0,22.31,0.06,0,0,0.46,20.81,90,13.3,0
20200308,053200,0,2.28,0.08,0,0,18.78,0.05,0,0,0.45,21,90,9.31,0
20200308,053300,0,2.21,0.07,0,0,18.2,0.05,0,0,0.46,20.94,225,9.31,0
20200308,053400,0,2.64,0.09,0,0,21.81,0.06,0,0,0.47,20.94,90,11.97,0
20200308,053500,0,2.42,0.08,0,0,19.94,0.05,0,0,0.47,20.81,135,7.98,0
20200308,053600,0,3.16,0.11,0,0,26.07,0.07,0,0,0.47,20.69,90,5.32,0
20200308,053700,0,2.68,0.09,0,0,22.14,0.06,0,0,0.48,20.69,135,17.29,0
20200308,053800,0,3.17,0.11,0,0,26.16,0.07,0,0,0.47,21,90,13.3,0
20200308,053900,0,3.01,0.1,0,0,24.85,0.07,0,0,0.46,21.06,90,9.31,0
20200308,054000,0,2.76,0.09,0,0,22.75,0.06,0,0,0.47,21,45,10.64,0
20200308,054100,0,2.58,0.09,0,0,21.3,0.06,0,0,0.46,20.94,90,11.97,0
20200308,054200,0,2.65,0.09,0,0,21.87,0.06,0,0,0.45,20.94,90,9.31,0
20200308,054300,0,2.93,0.1,0,0,24.21,0.07,0,0,0.45,20.88,90,5.32,0
20200308,054400,0,2.93,0.1,0,0,24.14,0.07,0,0,0.45,21,90,15.96,0
20200308,054500,0,2.81,0.09,0,0,23.22,0.06,0,0,0.47,21.12,45,14.63,0
20200308,054600,0,2.62,0.09,0,0,21.65,0.06,0,0,0.46,21.19,45,14.63,0
20200308,054700,0,2.79,0.09,0,0,23.04,0.06,0,0,0.46,20.94,90,9.31,0
20200308,054800,0,3.03,0.1,0,0,25.01,0.07,0,0,0.45,21,45,21.28,0
20200308,054900,0,2.59,0.09,0,0,21.34,0.06,0,0,0.45,20.94,90,10.64,0
20200308,055000,0,2.85,0.09,0,0,23.54,0.06,0,0,0.44,21.06,45,10.64,0
20200308,055100,0,2.68,0.09,0,0,22.12,0.06,0,0,0.44,21.12,135,3.99,0
20200308,055200,0,3.05,0.1,0,0,25.12,0.07,0,0,0.46,21.06,180,13.3,0
20200308,055300,0,2.82,0.09,0,0,23.25,0.06,0,0,0.46,21.12,135,10.64,0
20200308,055400,0,3.24,0.11,0,0,26.73,0.07,0,0,0.47,21.31,135,13.3,0
20200308,055500,0,2.71,0.09,0,0,22.38,0.06,0,0,0.48,21.06,45,9.31,0
20200308,055600,0,2.78,0.09,0,0,22.97,0.06,0,0,0.48,21.31,90,13.3,0
20200308,055700,0,2.89,0.1,0,0,23.88,0.07,0,0,0.47,21.12,135,10.64,0
20200308,055800,0,2.5,0.08,0,0,20.65,0.06,0,0,0.47,21.31,135,5.32,0
20200308,055900,0,2.94,0.1,0,0,24.24,0.07,0,0,0.48,21.5,90,7.98,0
20200308,060000,0,2.87,0.1,0,0,23.7,0.07,0,0,0.46,21.88,135,5.32,0
20200308,060100,0,2.46,0.08,0,0,20.32,0.06,0,0,0.47,22.31,135,7.98,0
20200308,060200,0,2.84,0.09,0,0,23.47,0.06,0,0,0.46,22.25,45,13.3,0
20200308,060300,0,2.8,0.09,0,0,23.11,0.06,0,0,0.46,22.69,135,2.66,0
20200308,060400,0,2.47,0.08,0,0,20.34,0.06,0,0,0.47,22.69,135,5.32,0
20200308,060500,0,3.08,0.1,0,0,25.37,0.07,0,0,0.46,22.69,135,7.98,0
20200308,060600,0,2.36,0.08,0,0,19.46,0.05,0,0,0.45,23.06,180,9.31,0
20200308,060700,0,2.94,0.1,0,0,24.23,0.07,0,0,0.46,22.94,90,15.96,0
20200308,060800,0,2.63,0.09,0,0,21.71,0.06,0,0,0.46,23.25,90,7.98,0
20200308,060900,0,2.66,0.09,0,0,21.96,0.06,0,0,0.47,23.19,90,15.96,0
20200308,061000,0,2.77,0.09,0,0,22.88,0.06,0,0,0.48,23.12,90,11.97,0
20200308,061100,0,2.99,0.1,0,0,24.63,0.07,0,0,0.48,23.5,45,10.64,0
20200308,061200,0,3.04,0.1,0,0,25.12,0.07,0,0,0.47,23.25,0,11.97,0
20200308,061300,0,2.88,0.1,0,0,23.78,0.07,0,0,0.49,23.44,90,13.3,0
20200308,061400,0,3.19,0.11,0,0,26.32,0.07,0,0,0.51,23.31,90,13.3,0
20200308,061500,0,2.92,0.1,0,0,24.07,0.07,0,0,0.51,23.5,45,18.62,0
20200308,061600,0,2.86,0.1,0,0,23.57,0.06,0,0,0.5,23.81,0,17.29,0
20200308,061700,0,2.84,0.09,0,0,23.43,0.06,0,0,0.5,23.81,45,13.3,0
20200308,061800,0,2.77,0.09,0,0,22.86,0.06,0,0,0.5,24.06,135,6.65,0
20200308,061900,0,3.01,0.1,0,0,24.84,0.07,0,0,0.5,24.31,135,9.31,0
20200308,062000,0,2.52,0.08,0,0,20.83,0.06,0,0,0.49,24.25,135,9.31,0
20200308,062100,0,2.78,0.09,0,0,22.91,0.06,0,0,0.47,24.31,90,6.65,0
20200308,062200,0,2.4,0.08,0,0,19.81,0.05,0,0,0.48,24.19,90,7.98,0
20200308,062300,0,2.7,0.09,0,0,22.3,0.06,0,0,0.46,24.12,90,11.97,0
20200308,062400,0,2.5,0.08,0,0,20.6,0.06,0,0,0.46,24.38,135,9.31,0
20200308,062500,0,2.86,0.1,0,0,23.61,0.06,0,0,0.46,24.69,135,6.65,0
20200308,062600,0,2.34,0.08,0,0,19.31,0.05,0,0,0.46,25,135,5.32,0
20200308,062700,0,2.97,0.1,0,0,24.53,0.07,0,0,0.45,25.06,90,6.65,0
20200308,062800,0,1.93,0.06,0,0,15.95,0.04,0,0,0.45,24.62,90,6.65,0
20200308,062900,0,2.56,0.09,0,0,21.11,0.06,0,0,0.45,24.69,45,13.3,0
20200308,063000,0,2.58,0.09,0,0,21.29,0.06,0,0,0.44,24.56,45,21.28,0
20200308,063100,0,2.31,0.08,0,0,19.03,0.05,0,0,0.44,24.56,90,7.98,0
20200308,063200,0,2.94,0.1,0,0,24.27,0.07,0,0,0.44,25.31,90,7.98,0
20200308,063300,0,2.79,0.09,0,0,22.99,0.06,0,0,0.43,25.38,180,5.32,0
20200308,063400,0,2.59,0.09,0,0,21.36,0.06,0,0,0.44,25.56,45,10.64,0
20200308,063500,0,2.36,0.08,0,0,19.46,0.05,0,0,0.46,25.56,135,3.99,0
20200308,063600,0,2.52,0.08,0,0,20.75,0.06,0,0,0.46,25.62,135,7.98,0
20200308,063700,0,2.43,0.08,0,0,20.04,0.06,0,0,0.46,25.62,180,9.31,0
20200308,063800,0,2.46,0.08,0,0,20.33,0.06,0,0,0.46,25.56,135,2.66,0
20200308,063900,0,2.37,0.08,0,0,19.53,0.05,0,0,0.46,25.75,90,15.96,0
20200308,064000,0,2.58,0.09,0,0,21.26,0.06,0,0,0.46,25.5,45,17.29,0
20200308,064100,0,2.69,0.09,0,0,22.21,0.06,0,0,0.46,25.75,45,10.64,0
20200308,064200,0,2.6,0.09,0,0,21.43,0.06,0,0,0.47,25.81,90,18.62,0
20200308,064300,0,2.77,0.09,0,0,22.87,0.06,0,0,0.47,26.06,225,13.3,0
20200308,064400,0,2.41,0.08,0,0,19.85,0.05,0,0,0.47,26.44,45,5.32,0
20200308,064500,0,2.6,0.09,0,0,21.45,0.06,0,0,0.47,26.25,90,11.97,0
20200308,064600,0,2.56,0.09,0,0,21.12,0.06,0,0,0.48,26.06,0,15.96,0
20200308,064700,0,2.93,0.1,0,0,24.2,0.07,0,0,0.48,26.38,135,19.95,0
20200308,064800,0,2.19,0.07,0,0,18.03,0.05,0,0,0.47,26.69,45,14.63,0
20200308,064900,0,2.47,0.08,0,0,20.34,0.06,0,0,0.48,26.5,135,7.98,0
20200308,065000,0,2.53,0.08,0,0,20.84,0.06,0,0,0.49,26.94,45,10.64,0
20200308,065100,0,2.71,0.09,0,0,22.37,0.06,0,0,0.47,27,90,6.65,0
20200308,065200,0,2.4,0.08,0,0,19.76,0.05,0,0,0.46,26.75,45,21.28,0
20200308,065300,0,2.25,0.07,0,0,18.59,0.05,0,0,0.46,26.69,45,18.62,0
20200308,065400,0,2.51,0.08,0,0,20.71,0.06,0,0,0.46,26.44,45,7.98,0
20200308,065500,0,2.55,0.08,0,0,21.05,0.06,0,0,0.47,26.69,270,13.3,0
20200308,065600,0,3.3,0.11,0,0,27.22,0.07,0,0,0.47,26.62,45,22.61,0
20200308,065700,0,2.99,0.1,0,0,24.65,0.07,0,0,0.49,26.88,45,11.97,0
20200308,065800,0,2.89,0.1,0,0,23.87,0.07,0,0,0.49,26.88,270,11.97,0
20200308,065900,0,2.8,0.09,0,0,23.06,0.06,0,0,0.49,27.06,135,7.98,0
20200308,070000,0,2.78,0.09,0,0,22.97,0.06,0,0,0.49,27.56,0,9.31,0
20200308,070100,0,2.72,0.09,0,0,22.47,0.06,0,0,0.47,27.56,90,9.31,0
20200308,070200,0,2.64,0.09,0,0,21.8,0.06,0,0,0.48,27.19,45,14.63,0
20200308,070300,0,2.58,0.09,0,0,21.32,0.06,0,0,0.47,27.38,45,17.29,0
20200308,070400,0,3.3,0.11,0,0,27.22,0.07,0,0,0.47,27.62,180,5.32,0
20200308,070500,0,2.24,0.07,0,0,18.45,0.05,0,0,0.48,27.81,90,9.31,0
20200308,070600,0,2.49,0.08,0,0,20.52,0.06,0,0,0.47,27.94,90,9.31,0
20200308,070700,0,2.53,0.08,0,0,20.88,0.06,0,0,0.46,27.88,45,17.29,0
20200308,070800,0,2.55,0.08,0,0,21.06,0.06,0,0,0.46,27.62,90,23.94,0
20200308,070900,0,2.92,0.1,0,0,24.1,0.07,0,0,0.46,27.56,45,10.64,0
20200308,071000,0,2.77,0.09,0,0,22.86,0.06,0,0,0.46,27.38,45,15.96,0
20200308,071100,0,2.55,0.08,0,0,21,0.06,0,0,0.45,27.81,0,11.97,0
20200308,071200,0,2.66,0.09,0,0,21.97,0.06,0,0,0.44,28,90,9.31,0
20200308,071300,0,2.81,0.09,0,0,23.15,0.06,0,0,0.44,28,135,5.32,0
20200308,071400,0,2.36,0.08,0,0,19.49,0.05,0,0,0.43,28,90,7.98,0
20200308,071500,0,2.55,0.08,0,0,21.03,0.06,0,0,0.43,27.81,0,14.63,0
20200308,071600,0,2.61,0.09,0,0,21.49,0.06,0,0,0.45,28.25,45,7.98,0
20200308,071700,0,2.48,0.08,0,0,20.43,0.06,0,0,0.46,28.12,135,13.3,0
20200308,071800,0,2.42,0.08,0,0,19.98,0.05,0,0,0.46,28.56,0,18.62,0
20200308,071900,0,3.18,0.11,0,0,26.2,0.07,0,0,0.46,28.69,45,19.95,0
20200308,072000,0,3.4,0.11,0,0,28.01,0.08,0,0,0.47,28.06,135,11.97,0
20200308,072100,0,2.84,0.09,0,0,23.43,0.06,0,0,0.48,27.81,90,18.62,0
20200308,072300,0,3.06,0.1,0,0,25.22,0.07,0,0,0.5,29.25,180,7.98,0
20200308,072400,0,3.26,0.11,0,0,26.89,0.07,0,0,0.46,29.69,270,7.98,0
20200308,072500,0,2.96,0.1,0,0,24.4,0.07,0,0,0.46,29.19,180,13.3,0
20200308,072600,0,2.99,0.1,0,0,24.63,0.07,0,0,0.48,29.62,90,7.98,0
20200308,072700,0,2.85,0.09,0,0,23.48,0.06,0,0,0.47,29.5,90,7.98,0
20200308,072800,0,2.63,0.09,0,0,21.68,0.06,0,0,0.48,29.12,45,10.64,0
20200308,072900,0,2.78,0.09,0,0,22.97,0.06,0,0,0.48,28.88,45,14.63,0
20200308,073000,0,2.62,0.09,0,0,21.62,0.06,0,0,0.47,28.88,45,29.26,0
20200308,073100,0,2.25,0.07,0,0,18.55,0.05,0,0,0.46,29.12,0,7.98,0
20200308,073200,0,2.46,0.08,0,0,20.26,0.06,0,0,0.46,28.5,0,10.64,0
20200308,073300,0,2.78,0.09,0,0,22.91,0.06,0,0,0.46,29.12,90,17.29,0
20200308,073400,0,2.44,0.08,0,0,20.16,0.06,0,0,0.45,29,135,15.96,0
20200308,073500,0,2.14,0.07,0,0,17.63,0.05,0,0,0.44,29.5,45,6.65,0
20200308,073600,0,2.17,0.07,0,0,17.94,0.05,0,0,0.45,29.38,45,9.31,0
20200308,073700,0,2.61,0.09,0,0,21.52,0.06,0,0,0.45,29.56,225,10.64,0
20200308,073800,0,2.24,0.07,0,0,18.47,0.05,0,0,0.46,29.44,0,10.64,0
20200308,073900,0,2.52,0.08,0,0,20.77,0.06,0,0,0.48,29.75,90,5.32,0
20200308,074000,0,2.4,0.08,0,0,19.83,0.05,0,0,0.48,29.38,45,11.97,0
20200308,074100,0,2.04,0.07,0,0,16.79,0.05,0,0,0.48,28.94,270,17.29,0
20200308,074200,0,2.08,0.07,0,0,17.14,0.05,0,0,0.49,29.06,90,11.97,0
20200308,074300,0,2.3,0.08,0,0,18.94,0.05,0,0,0.49,29.31,0,30.59,0
20200308,074400,0,1.81,0.06,0,0,14.94,0.04,0,0,0.48,29.38,90,7.98,0
20200308,074500,0,2.52,0.08,0,0,20.83,0.06,0,0,0.48,29.56,0,11.97,0
20200308,074600,0,2.02,0.07,0,0,16.64,0.05,0,0,0.47,29.56,45,9.31,0
20200308,074700,0,2.08,0.07,0,0,17.14,0.05,0,0,0.47,29.69,135,6.65,0
20200308,074800,0,2.32,0.08,0,0,19.13,0.05,0,0,0.47,29.56,45,15.96,0
20200308,074900,0,1.74,0.06,0,0,14.33,0.04,0,0,0.47,29.31,90,19.95,0
20200308,075000,0,1.9,0.06,0,0,15.69,0.04,0,0,0.45,29.5,45,18.62,0
20200308,075100,0,1.59,0.05,0,0,13.12,0.04,0,0,0.45,29.44,0,11.97,0
20200308,075200,0,1.92,0.06,0,0,15.85,0.04,0,0,0.45,29.62,225,10.64,0
20200308,075300,0,1.89,0.06,0,0,15.57,0.04,0,0,0.46,30.06,135,14.63,0
20200308,075400,0,2.3,0.08,0,0,18.94,0.05,0,0,0.47,29.88,90,11.97,0
20200308,075500,0,1.79,0.06,0,0,14.77,0.04,0,0,0.48,30.38,45,6.65,0
20200308,075600,0,2.21,0.07,0,0,18.22,0.05,0,0,0.48,30.5,90,9.31,0
20200308,075700,0,2.24,0.07,0,0,18.51,0.05,0,0,0.48,29.94,0,26.6,0
20200308,075800,0,2.19,0.07,0,0,18.1,0.05,0,0,0.48,30,45,25.27,0
20200308,075900,0,1.96,0.07,0,0,16.15,0.04,0,0,0.47,30.06,90,6.65,0
20200308,080000,0,1.6,0.05,0,0,13.21,0.04,0,0,0.46,30.06,0,11.97,0
20200308,080100,0,1.63,0.05,0,0,13.41,0.04,0,0,0.46,30.44,45,9.31,0
20200308,080200,0,1.96,0.07,0,0,16.13,0.04,0,0,0.46,30.81,90,5.32,0
20200308,080300,0,1.9,0.06,0,0,15.68,0.04,0,0,0.45,30.56,0,22.61,0
20200308,080400,0,1.75,0.06,0,0,14.4,0.04,0,0,0.45,31,180,6.65,0
20200308,080500,0,1.78,0.06,0,0,14.71,0.04,0,0,0.45,30.56,0,19.95,0
20200308,080600,0,2.13,0.07,0,0,17.56,0.05,0,0,0.46,30.44,45,13.3,0
20200308,080700,0,2.16,0.07,0,0,17.78,0.05,0,0,0.46,30.19,90,19.95,0
20200308,080800,0,1.98,0.07,0,0,16.37,0.04,0,0,0.47,30.12,0,13.3,0
20200308,080900,0,1.76,0.06,0,0,14.51,0.04,0,0,0.48,30.19,45,10.64,0
20200308,081000,0,2.14,0.07,0,0,17.69,0.05,0,0,0.47,30.19,135,15.96,0
20200308,081100,0,2.05,0.07,0,0,16.9,0.05,0,0,0.48,30.19,0,19.95,0
20200308,081200,0,1.9,0.06,0,0,15.69,0.04,0,0,0.47,30.5,45,14.63,0
20200308,081300,0,1.99,0.07,0,0,16.42,0.05,0,0,0.47,30.44,0,21.28,0
20200308,081400,0,1.94,0.06,0,0,15.98,0.04,0,0,0.46,30.38,45,19.95,0
20200308,081500,0,1.6,0.05,0,0,13.18,0.04,0,0,0.47,30.62,0,15.96,0
20200308,081600,0,1.84,0.06,0,0,15.15,0.04,0,0,0.45,31.06,135,10.64,0
20200308,081700,0,2.22,0.07,0,0,18.27,0.05,0,0,0.44,-127,90,13.3,0
20200308,081800,0,1.98,0.07,0,0,16.3,0.04,0,0,0.44,30.31,45,7.98,0
20200308,081900,0,1.57,0.05,0,0,12.96,0.04,0,0,0.44,30.31,45,19.95,0
20200308,082000,0,1.88,0.06,0,0,15.54,0.04,0,0,0.44,30.06,135,17.29,0
20200308,082100,0,2.07,0.07,0,0,17.12,0.05,0,0,0.46,29.94,0,18.62,0
20200308,082200,0,1.93,0.06,0,0,15.92,0.04,0,0,0.47,30,45,15.96,0
20200308,082300,0,1.9,0.06,0,0,15.64,0.04,0,0,0.46,29.44,45,42.56,0
20200308,082400,0,1.77,0.06,0,0,14.59,0.04,0,0,0.46,29.56,0,37.24,0
20200308,082500,0,1.59,0.05,0,0,13.12,0.04,0,0,0.46,29.75,0,22.61,0
20200308,082600,0,1.62,0.05,0,0,13.34,0.04,0,0,0.44,29.75,90,17.29,0
20200308,082700,0,1.91,0.06,0,0,15.72,0.04,0,0,0.44,30,0,10.64,0
20200308,082800,0,1.66,0.06,0,0,13.68,0.04,0,0,0.45,30.19,45,22.61,0
20200308,082900,0,1.86,0.06,0,0,15.36,0.04,0,0,0.44,30.5,90,17.29,0
20200308,083000,0,1.62,0.05,0,0,13.32,0.04,0,0,0.45,30.19,45,21.28,0
20200308,083100,0,1.88,0.06,0,0,15.54,0.04,0,0,0.45,29.81,0,26.6,0
20200308,083200,0,1.99,0.07,0,0,16.42,0.05,0,0,0.47,29.69,45,33.25,0
20200308,083300,0,1.86,0.06,0,0,15.35,0.04,0,0,0.46,29.75,0,26.6,0
20200308,083400,0,1.99,0.07,0,0,16.46,0.05,0,0,0.45,30,225,15.96,0
20200308,083500,0,1.91,0.06,0,0,15.8,0.04,0,0,0.46,30.06,45,11.97,0
20200308,083600,0,2.03,0.07,0,0,16.78,0.05,0,0,0.45,29.81,90,14.63,0
20200308,083700,0,1.6,0.05,0,0,13.18,0.04,0,0,0.45,30.19,0,11.97,0
20200308,083800,0,1.87,0.06,0,0,15.43,0.04,0,0,0.47,30.19,45,22.61,0
20200308,083900,0,1.46,0.05,0,0,12.03,0.03,0,0,0.46,30.56,335,7.98,0
20200308,084000,0,1.56,0.05,0,0,12.86,0.04,0,0,0.46,30.44,45,23.94,0
20200308,084100,0,1.9,0.06,0,0,15.65,0.04,0,0,0.45,30.44,270,13.3,0
20200308,084200,0,1.73,0.06,0,0,14.25,0.04,0,0,0.45,30.38,90,7.98,0
20200308,084300,0,1.67,0.06,0,0,13.76,0.04,0,0,0.45,30.5,270,10.64,0
20200308,084400,0,1.49,0.05,0,0,12.3,0.03,0,0,0.45,30.44,45,11.97,0
20200308,084500,0,1.57,0.05,0,0,12.91,0.04,0,0,0.45,30.75,225,3.99,0
20200308,084600,0,1.89,0.06,0,0,15.61,0.04,0,0,0.46,30.81,45,11.97,0
20200308,084700,0,1.6,0.05,0,0,13.18,0.04,0,0,0.45,30.62,0,18.62,0
20200308,084800,0,1.7,0.06,0,0,14,0.04,0,0,0.44,30.31,45,11.97,0
20200308,084900,0,1.68,0.06,0,0,13.9,0.04,0,0,0.45,30.38,45,15.96,0
20200308,085000,0,2.22,0.07,0,0,18.31,0.05,0,0,0.44,30.5,90,22.61,0
20200308,085100,0,2.31,0.08,0,0,19.03,0.05,0,0,0.44,30.12,90,25.27,0
20200308,085200,0,1.89,0.06,0,0,15.57,0.04,0,0,0.44,29.88,0,14.63,0
20200308,085300,0,2.28,0.08,0,0,18.85,0.05,0,0,0.44,30.06,90,14.63,0
20200308,085400,0,3.01,0.1,0,0,24.84,0.07,0,0,0.45,29.94,45,37.24,0
20200308,085500,0,3.75,0.12,0,0,30.9,0.08,0,0,0.45,29.94,45,18.62,0
20200308,085600,0,2.71,0.09,0,0,22.36,0.06,0,0,0.44,29.81,45,31.92,0
20200308,085700,0,2.44,0.08,0,0,20.12,0.06,0,0,0.43,29.94,45,30.59,0
20200308,085800,0,2.53,0.08,0,0,20.91,0.06,0,0,0.43,29.94,135,17.29,0
20200308,085900,0,3.13,0.1,0,0,25.79,0.07,0,0,0.44,30.31,0,27.93,0
20200308,090000,0,2.59,0.09,0,0,21.38,0.06,0,0,0.43,30.56,0,17.29,0
20200308,090100,0,2.82,0.09,0,0,23.25,0.06,0,0,0.43,30.75,90,6.65,0
20200308,090200,0,2.87,0.1,0,0,23.67,0.07,0,0,0.45,31,45,14.63,0
20200308,090300,0,2.69,0.09,0,0,22.22,0.06,0,0,0.44,30.38,90,29.26,0
20200308,090400,0,3.55,0.12,0,0,29.3,0.08,0,0,0.43,30.06,135,5.32,0
20200308,090500,0,3.35,0.11,0,0,27.68,0.08,0,0,0.46,30.69,45,21.28,0
20200308,090600,0,3.19,0.11,0,0,26.28,0.07,0,0,0.45,31.25,0,9.31,0
20200308,090700,0,2.81,0.09,0,0,23.2,0.06,0,0,0.44,31.38,0,17.29,0
20200308,090800,0,2.69,0.09,0,0,22.21,0.06,0,0,0.43,31,0,26.6,0
20200308,090900,0,2.84,0.09,0,0,23.42,0.06,0,0,0.45,30.81,45,10.64,0
20200308,091000,0,2.92,0.1,0,0,24.1,0.07,0,0,0.44,30.94,45,22.61,0
20200308,091100,0,2.95,0.1,0,0,24.37,0.07,0,0,0.44,31.19,45,13.3,0
20200308,091200,0,4.9,0.16,0,0,40.41,0.11,0,0,0.44,31.19,45,13.3,0
20200308,091300,0,4.38,0.15,0,0,36.1,0.1,0,0,0.44,31.44,45,19.95,0
20200308,091400,0,4.05,0.13,0,0,33.45,0.09,0,0,0.44,30.94,90,26.6,0
20200308,091500,0,3.51,0.12,0,0,28.99,0.08,0,0,0.44,31.5,225,10.64,0
20200308,091600,0,3.47,0.12,0,0,28.62,0.08,0,0,0.45,31.56,335,17.29,0
20200308,091700,0,3.31,0.11,0,0,27.3,0.08,0,0,0.45,31.19,45,26.6,0
20200308,091800,0,3,0.1,0,0,24.72,0.07,0,0,0.45,31.38,0,18.62,0
20200308,091900,0,2.66,0.09,0,0,21.96,0.06,0,0,0.46,31.31,335,13.3,0
20200308,092000,0,2.82,0.09,0,0,23.27,0.06,0,0,0.44,31.25,0,21.28,0
20200308,092100,0,2.76,0.09,0,0,22.77,0.06,0,0,0.46,31.69,135,21.28,0
20200308,092200,0,2.46,0.08,0,0,20.28,0.06,0,0,0.45,31.5,45,15.96,0
20200308,092300,0,2.04,0.07,0,0,16.87,0.05,0,0,0.46,31.94,225,9.31,0
20200308,092400,0,2.35,0.08,0,0,19.42,0.05,0,0,0.46,32.19,45,19.95,0
20200308,092500,0,1.71,0.06,0,0,14.08,0.04,0,0,0.47,32.56,270,14.63,0
20200308,092600,0,1.86,0.06,0,0,15.3,0.04,0,0,0.47,32.25,335,21.28,0
20200308,092700,0,1.72,0.06,0,0,14.16,0.04,0,0,0.47,32.62,0,10.64,0
20200308,092800,0,1.85,0.06,0,0,15.3,0.04,0,0,0.47,32.75,90,17.29,0
20200308,092900,0,1.87,0.06,0,0,15.42,0.04,0,0,0.47,32.56,135,9.31,0
20200308,093000,0,2.36,0.08,0,0,19.47,0.05,0,0,0.47,32.69,45,9.31,0
20200308,093100,0,2.14,0.07,0,0,17.62,0.05,0,0,0.46,33.12,90,10.64,0
20200308,093200,0,1.94,0.06,0,0,16.04,0.04,0,0,0.46,33.19,0,10.64,0
20200308,093300,0,2.28,0.08,0,0,18.83,0.05,0,0,0.45,32.19,90,21.28,0
20200308,093400,0,2.29,0.08,0,0,18.87,0.05,0,0,0.46,32.56,45,10.64,0
20200308,093500,0,1.6,0.05,0,0,13.22,0.04,0,0,0.47,32.44,90,17.29,0
20200308,093600,0,1.59,0.05,0,0,13.11,0.04,0,0,0.46,33,90,6.65,0
20200308,093700,0,1.66,0.06,0,0,13.67,0.04,0,0,0.46,32.62,0,22.61,0
20200308,093800,0,2.15,0.07,0,0,17.72,0.05,0,0,0.46,32.44,0,10.64,0
20200308,093900,0,2.06,0.07,0,0,16.98,0.05,0,0,0.46,32.81,45,11.97,0
20200308,094000,0,2.54,0.08,0,0,20.93,0.06,0,0,0.46,32.88,135,9.31,0
20200308,094100,0,1.64,0.05,0,0,13.54,0.04,0,0,0.47,32.88,90,9.31,0
20200308,094200,0,1.92,0.06,0,0,15.81,0.04,0,0,0.47,32.88,225,3.99,0
20200308,094300,0,1.78,0.06,0,0,14.65,0.04,0,0,0.46,32.88,135,17.29,0
20200308,094400,0,1.73,0.06,0,0,14.26,0.04,0,0,0.46,32,45,23.94,0
20200308,094500,0,2.1,0.07,0,0,17.37,0.05,0,0,0.45,31.75,90,11.97,0
20200308,094600,0,1.79,0.06,0,0,14.75,0.04,0,0,0.46,31.94,135,5.32,0
20200308,094700,0,1.55,0.05,0,0,12.83,0.04,0,0,0.45,31.56,0,10.64,0
20200308,094800,0,1.84,0.06,0,0,15.17,0.04,0,0,0.45,32.31,45,7.98,0
20200308,094900,0,1.95,0.07,0,0,16.12,0.04,0,0,0.45,32.44,90,0,0
20200308,095000,0,1.94,0.06,0,0,15.96,0.04,0,0,0.46,32.44,90,6.65,0
20200308,095100,0,2.12,0.07,0,0,17.48,0.05,0,0,0.46,32.25,90,9.31,0
20200308,095200,0,2.09,0.07,0,0,17.27,0.05,0,0,0.46,32.62,180,6.65,0
20200308,095300,0,1.74,0.06,0,0,14.32,0.04,0,0,0.46,32.69,335,5.32,0
20200308,095400,0,1.69,0.06,0,0,13.96,0.04,0,0,0.46,31.75,90,19.95,0
20200308,095500,0,1.87,0.06,0,0,15.42,0.04,0,0,0.46,31.69,135,9.31,0
20200308,095600,0,1.82,0.06,0,0,15.01,0.04,0,0,0.46,31.44,90,11.97,0
20200308,095700,0,1.67,0.06,0,0,13.77,0.04,0,0,0.46,32.38,135,6.65,0
20200308,095800,0,2.09,0.07,0,0,17.28,0.05,0,0,0.46,32.81,180,0,0
20200308,095900,0,1.74,0.06,0,0,14.32,0.04,0,0,0.46,33.06,90,17.29,0
20200308,100000,0,1.68,0.06,0,0,13.87,0.04,0,0,0.46,31.94,135,17.29,0
20200308,100100,0,1.76,0.06,0,0,14.53,0.04,0,0,0.46,31.81,135,14.63,0
20200308,100200,0,1.89,0.06,0,0,15.56,0.04,0,0,0.44,31.56,90,15.96,0
20200308,100300,0,1.72,0.06,0,0,14.18,0.04,0,0,0.43,31.94,45,17.29,0
20200308,100400,0,2.18,0.07,0,0,17.97,0.05,0,0,0.44,31.81,135,14.63,0
20200308,100500,0,1.95,0.06,0,0,16.09,0.04,0,0,0.45,32.69,180,5.32,0
20200308,100600,0,1.97,0.07,0,0,16.27,0.04,0,0,0.45,32.19,270,9.31,0
20200308,100700,0,1.93,0.06,0,0,15.93,0.04,0,0,0.45,32.12,180,3.99,0
20200308,100800,0,1.69,0.06,0,0,13.91,0.04,0,0,0.43,33.12,270,2.66,0
20200308,100900,0,1.88,0.06,0,0,15.48,0.04,0,0,0.45,33.25,45,7.98,0
20200308,101000,0,1.64,0.05,0,0,13.5,0.04,0,0,0.45,32,135,6.65,0
20200308,101100,0,1.89,0.06,0,0,15.63,0.04,0,0,0.44,32.62,135,3.99,0
20200308,101200,0,2.09,0.07,0,0,17.27,0.05,0,0,0.45,33.12,180,9.31,0
20200308,101300,0,1.39,0.05,0,0,11.47,0.03,0,0,0.45,33.25,135,5.32,0
20200308,101400,0,1.52,0.05,0,0,12.51,0.03,0,0,0.45,31.81,135,13.3,0
20200308,101500,0,2.15,0.07,0,0,17.72,0.05,0,0,0.45,31.5,135,9.31,0
20200308,101600,0,2.04,0.07,0,0,16.87,0.05,0,0,0.47,31.25,180,9.31,0
20200308,101700,0,1.81,0.06,0,0,14.96,0.04,0,0,0.47,32.19,90,10.64,0
20200308,101800,0,1.85,0.06,0,0,15.29,0.04,0,0,0.46,32.5,135,6.65,0
20200308,101900,0,1.96,0.07,0,0,16.14,0.04,0,0,0.46,32.44,90,2.66,0
20200308,102000,0,2.07,0.07,0,0,17.05,0.05,0,0,0.45,32.31,180,9.31,0
20200308,102100,0,1.82,0.06,0,0,14.98,0.04,0,0,0.45,32.81,180,6.65,0
20200308,102300,0,1.89,0.06,0,0,15.63,0.04,0,0,0.47,32.75,180,9.31,0
20200308,102400,0,1.76,0.06,0,0,14.53,0.04,0,0,0.48,32.81,180,9.31,0
20200308,102500,0,2.43,0.08,0,0,20.02,0.06,0,0,0.48,32.19,135,6.65,0
20200308,102600,0,1.85,0.06,0,0,15.29,0.04,0,0,0.48,32.12,135,6.65,0
20200308,102700,0,2.22,0.07,0,0,18.35,0.05,0,0,0.48,32.06,45,5.32,0
20200308,102800,0,2.45,0.08,0,0,20.19,0.06,0,0,0.47,31.81,90,17.29,0
20200308,102900,0,2.13,0.07,0,0,17.6,0.05,0,0,0.48,31.19,90,27.93,0
20200308,103000,0,2.1,0.07,0,0,17.32,0.05,0,0,0.48,31.94,90,11.97,0
20200308,103100,0,1.93,0.06,0,0,15.89,0.04,0,0,0.48,31.5,90,11.97,0
20200308,103200,0,1.8,0.06,0,0,14.83,0.04,0,0,0.48,32.5,90,15.96,0
20200308,103300,0,1.74,0.06,0,0,14.37,0.04,0,0,0.48,32.31,0,10.64,0
20200308,103400,0,1.9,0.06,0,0,15.68,0.04,0,0,0.47,32.56,335,6.65,0
20200308,103500,0,1.69,0.06,0,0,13.94,0.04,0,0,0.47,32.5,45,14.63,0
20200308,103600,0,1.8,0.06,0,0,14.85,0.04,0,0,0.47,32.62,135,11.97,0
20200308,103700,0,1.6,0.05,0,0,13.19,0.04,0,0,0.46,32.75,90,10.64,0
20200308,103800,0,1.92,0.06,0,0,15.86,0.04,0,0,0.46,32.56,135,14.63,0
20200308,103900,0,1.64,0.05,0,0,13.53,0.04,0,0,0.47,32.56,90,10.64,0
20200308,104000,0,1.84,0.06,0,0,15.19,0.04,0,0,0.47,32.62,90,7.98,0
20200308,104100,0,1.8,0.06,0,0,14.88,0.04,0,0,0.49,32.62,135,9.31,0
20200308,104200,0,1.73,0.06,0,0,14.26,0.04,0,0,0.49,31.56,135,7.98,0
20200308,104300,0,1.81,0.06,0,0,14.91,0.04,0,0,0.49,31.81,135,7.98,0
20200308,104400,0,1.58,0.05,0,0,13,0.04,0,0,0.49,32.12,135,6.65,0
20200308,104500,0,1.76,0.06,0,0,14.55,0.04,0,0,0.49,32.56,135,2.66,0
20200308,104600,0,1.71,0.06,0,0,14.11,0.04,0,0,0.48,32.75,180,2.66,0
20200308,104700,0,1.98,0.07,0,0,16.36,0.04,0,0,0.47,33.06,45,15.96,0
20200308,104800,0,2.7,0.09,0,0,22.28,0.06,0,0,0.46,32.75,90,13.3,0
20200308,104900,0,2.75,0.09,0,0,22.66,0.06,0,0,0.45,33.31,135,9.31,0
20200308,105000,0,2.78,0.09,0,0,22.95,0.06,0,0,0.45,33.19,180,6.65,0
20200308,105100,0,2.74,0.09,0,0,22.6,0.06,0,0,0.46,32.62,90,21.28,0
20200308,105200,0,2.94,0.1,0,0,24.27,0.07,0,0,0.46,32.69,135,6.65,0
20200308,105300,0,2.51,0.08,0,0,20.69,0.06,0,0,0.46,32.38,135,14.63,0
20200308,105400,0,2.98,0.1,0,0,24.57,0.07,0,0,0.45,32.81,45,6.65,0
20200308,105500,0,2.25,0.07,0,0,18.59,0.05,0,0,0.45,33.12,45,9.31,0
20200308,105600,0,1.89,0.06,0,0,15.63,0.04,0,0,0.46,32.81,135,17.29,0
20200308,105700,0,2.1,0.07,0,0,17.29,0.05,0,0,0.47,32,135,11.97,0
20200308,105800,0,2.23,0.07,0,0,18.37,0.05,0,0,0.49,32.56,135,5.32,0
20200308,105900,0,2.16,0.07,0,0,17.85,0.05,0,0,0.49,33.06,180,5.32,0
20200308,110000,0,1.95,0.06,0,0,16.08,0.04,0,0,0.48,32.44,180,6.65,0
20200308,110100,0,2.13,0.07,0,0,17.58,0.05,0,0,0.47,32.06,180,7.98,0
20200308,110200,0,1.73,0.06,0,0,14.29,0.04,0,0,0.45,32.44,180,3.99,0
20200308,110300,0,1.96,0.07,0,0,16.17,0.04,0,0,0.44,32.62,180,13.3,0
20200308,110400,0,1.78,0.06,0,0,14.66,0.04,0,0,0.44,33.25,90,5.32,0
20200308,110500,0,2.17,0.07,0,0,17.94,0.05,0,0,0.43,33.38,135,13.3,0
20200308,110600,0,1.93,0.06,0,0,15.94,0.04,0,0,0.42,33.56,45,9.31,0
20200308,110700,0,1.99,0.07,0,0,16.45,0.05,0,0,0.43,32.94,335,6.65,0
20200308,110800,0,1.96,0.07,0,0,16.14,0.04,0,0,0.43,32.19,270,18.62,0
20200308,110900,0,1.94,0.06,0,0,16.02,0.04,0,0,0.43,32,270,6.65,0
20200308,111000,0,1.86,0.06,0,0,15.36,0.04,0,0,0.43,33.12,135,7.98,0
20200308,111100,0,2.18,0.07,0,0,17.95,0.05,0,0,0.43,32.88,135,9.31,0
20200308,111200,0,1.83,0.06,0,0,15.11,0.04,0,0,0.44,32.44,180,5.32,0
20200308,111300,0,1.59,0.05,0,0,13.14,0.04,0,0,0.43,33.12,45,15.96,0
20200308,111400,0,1.95,0.06,0,0,16.08,0.04,0,0,0.44,33.69,135,5.32,0
20200308,111500,0,1.74,0.06,0,0,14.35,0.04,0,0,0.46,33.94,225,6.65,0
20200308,111600,0,1.56,0.05,0,0,12.87,0.04,0,0,0.47,33.44,270,11.97,0
20200308,111700,0,1.47,0.05,0,0,12.1,0.03,0,0,0.46,33.25,0,21.28,0
20200308,111800,0,2.06,0.07,0,0,17.01,0.05,0,0,0.47,32.94,45,13.3,0
20200308,111900,0,1.69,0.06,0,0,13.92,0.04,0,0,0.47,33.06,0,2.66,0
20200308,112000,0,1.77,0.06,0,0,14.59,0.04,0,0,0.47,33.25,135,3.99,0
20200308,112100,0,1.84,0.06,0,0,15.16,0.04,0,0,0.47,33.5,0,19.95,0
20200308,112200,0,1.62,0.05,0,0,13.39,0.04,0,0,0.47,32.62,0,10.64,0
20200308,112300,0,1.81,0.06,0,0,14.94,0.04,0,0,0.46,32.5,45,11.97,0
20200308,112400,0,2.01,0.07,0,0,16.55,0.05,0,0,0.47,32.44,180,2.66,0
20200308,112500,0,2.75,0.09,0,0,22.7,0.06,0,0,0.47,32.69,90,14.63,0
20200308,112600,0,2.3,0.08,0,0,18.95,0.05,0,0,0.46,32.62,90,10.64,0
20200308,112700,0,1.9,0.06,0,0,15.65,0.04,0,0,0.45,33.12,135,7.98,0
20200308,112800,0,2.11,0.07,0,0,17.41,0.05,0,0,0.45,33.62,45,9.31,0
20200308,112900,0,1.77,0.06,0,0,14.63,0.04,0,0,0.47,33.62,90,9.31,0
20200308,113000,0,2.21,0.07,0,0,18.27,0.05,0,0,0.46,33.88,45,14.63,0
20200308,113100,0,2.35,0.08,0,0,19.37,0.05,0,0,0.47,34,180,2.66,0
20200308,113200,0,1.57,0.05,0,0,12.91,0.04,0,0,0.46,34.62,270,7.98,0
20200308,113300,0,1.5,0.05,0,0,12.35,0.03,0,0,0.45,34.19,180,10.64,0
20200308,113400,0,1.83,0.06,0,0,15.14,0.04,0,0,0.47,34.56,45,5.32,0
20200308,113500,0,1.76,0.06,0,0,14.52,0.04,0,0,0.48,34.5,225,3.99,0
20200308,113600,0,2.01,0.07,0,0,16.58,0.05,0,0,0.47,34.69,335,5.32,0
20200308,113700,0,2.15,0.07,0,0,17.78,0.05,0,0,0.48,35,180,10.64,0
20200308,113800,0,1.82,0.06,0,0,15.03,0.04,0,0,0.48,35.31,225,5.32,0
20200308,113900,0,1.99,0.07,0,0,16.44,0.05,0,0,0.47,35.06,45,14.63,0
20200308,114000,0,1.77,0.06,0,0,14.62,0.04,0,0,0.48,34.12,180,6.65,0
20200308,114100,0,1.76,0.06,0,0,14.51,0.04,0,0,0.47,33.75,45,21.28,0
20200308,114200,0,1.78,0.06,0,0,14.72,0.04,0,0,0.44,32.81,45,15.96,0
20200308,114300,0,1.78,0.06,0,0,14.69,0.04,0,0,0.45,33.62,90,10.64,0
20200308,114400,0,1.86,0.06,0,0,15.38,0.04,0,0,0.45,33.25,90,11.97,0
20200308,114500,0,1.94,0.06,0,0,15.99,0.04,0,0,0.45,33.88,135,31.92,0
20200308,114600,0,1.78,0.06,0,0,14.69,0.04,0,0,0.46,33.5,90,22.61,0
20200308,114700,0,1.5,0.05,0,0,12.36,0.03,0,0,0.45,33.69,180,3.99,0
20200308,114800,0,1.92,0.06,0,0,15.85,0.04,0,0,0.45,33.38,135,2.66,0
20200308,114900,0,1.63,0.05,0,0,13.47,0.04,0,0,0.43,34.19,135,11.97,0
20200308,115000,0,1.75,0.06,0,0,14.43,0.04,0,0,0.43,33.81,180,6.65,0
20200308,115100,0,1.67,0.06,0,0,13.8,0.04,0,0,0.44,33.5,225,2.66,0
20200308,115200,0,1.85,0.06,0,0,15.29,0.04,0,0,0.45,34.25,90,11.97,0
20200308,115300,0,1.7,0.06,0,0,14.05,0.04,0,0,0.46,34.5,135,11.97,0
20200308,115400,0,2.1,0.07,0,0,17.36,0.05,0,0,0.46,34.25,0,15.96,0
20200308,115500,0,1.95,0.06,0,0,16.08,0.04,0,0,0.47,33.31,0,17.29,0
20200308,115600,0,1.66,0.06,0,0,13.69,0.04,0,0,0.48,34,45,13.3,0
20200308,115700,0,1.51,0.05,0,0,12.45,0.03,0,0,0.47,33.81,270,6.65,0
20200308,115800,0,1.89,0.06,0,0,15.63,0.04,0,0,0.48,33.94,0,10.64,0
20200308,115900,0,1.97,0.07,0,0,16.27,0.04,0,0,0.47,34.19,90,11.97,0
20200308,120100,0,1.66,0.06,0,0,13.69,0.04,0,0,0.47,34.19,0,13.3,0
20200308,120200,0,1.99,0.07,0,0,16.41,0.05,0,0,0.46,34.56,135,6.65,0
20200308,120300,0,1.69,0.06,0,0,13.93,0.04,0,0,0.47,34.38,90,14.63,0
20200308,120400,0,1.82,0.06,0,0,15.02,0.04,0,0,0.46,33.19,45,21.28,0
20200308,120500,0,2.11,0.07,0,0,17.43,0.05,0,0,0.46,33.38,90,26.6,0
20200308,120600,0,2.07,0.07,0,0,17.05,0.05,0,0,0.46,33.06,45,14.63,0
20200308,120700,0,2.02,0.07,0,0,16.68,0.05,0,0,0.45,33.69,90,3.99,0
20200308,120800,0,1.68,0.06,0,0,13.9,0.04,0,0,0.45,33.69,135,6.65,0
20200308,120900,0,1.59,0.05,0,0,13.11,0.04,0,0,0.46,33.38,270,14.63,0
20200308,121000,0,2.04,0.07,0,0,16.86,0.05,0,0,0.44,33.12,0,13.3,0
20200308,121100,0,1.65,0.05,0,0,13.62,0.04,0,0,0.45,32.88,0,13.3,0
20200308,121200,0,1.72,0.06,0,0,14.2,0.04,0,0,0.46,33.25,225,6.65,0
20200308,121300,0,1.8,0.06,0,0,14.88,0.04,0,0,0.46,33.88,0,22.61,0
20200308,121400,0,2.02,0.07,0,0,16.68,0.05,0,0,0.46,33.56,45,18.62,0
20200308,121500,0,1.74,0.06,0,0,14.33,0.04,0,0,0.46,33.81,45,17.29,0
20200308,121600,0,1.95,0.06,0,0,16.08,0.04,0,0,0.44,33.38,45,18.62,0
20200308,121700,0,2.07,0.07,0,0,17.05,0.05,0,0,0.44,33.44,135,5.32,0
20200308,121800,0,2.16,0.07,0,0,17.82,0.05,0,0,0.44,33,135,10.64,0
20200308,121900,0,1.78,0.06,0,0,14.65,0.04,0,0,0.45,33.19,135,5.32,0
20200308,122000,0,1.9,0.06,0,0,15.69,0.04,0,0,0.45,33,45,15.96,0
20200308,122100,0,1.86,0.06,0,0,15.34,0.04,0,0,0.45,32.69,135,6.65,0
20200308,122200,0,2.18,0.07,0,0,18,0.05,0,0,0.45,33.12,135,10.64,0
20200308,122300,0,1.97,0.07,0,0,16.27,0.04,0,0,0.45,33.69,135,10.64,0
20200308,122400,0,2.34,0.08,0,0,19.31,0.05,0,0,0.45,33.44,0,45.22,0
20200308,122500,0,1.82,0.06,0,0,15.05,0.04,0,0,0.44,33.75,0,17.29,0
20200308,122600,0,2.02,0.07,0,0,16.67,0.05,0,0,0.44,33.75,135,6.65,0
20200308,122700,0,2.24,0.07,0,0,18.45,0.05,0,0,0.44,34.25,45,19.95,0
20200308,122800,0,2.42,0.08,0,0,20.01,0.05,0,0,0.44,34.81,45,33.25,0
20200308,122900,0,2.05,0.07,0,0,16.95,0.05,0,0,0.44,34.19,0,23.94,0
20200308,123000,0,1.53,0.05,0,0,12.6,0.03,0,0,0.45,34,45,19.95,0
20200308,123100,0,2.05,0.07,0,0,16.88,0.05,0,0,0.44,34.19,45,15.96,0
20200308,123200,0,2.32,0.08,0,0,19.13,0.05,0,0,0.44,33.38,0,9.31,0
20200308,123300,0,1.56,0.05,0,0,12.84,0.04,0,0,0.45,33.44,0,17.29,0
20200308,123400,0,1.92,0.06,0,0,15.85,0.04,0,0,0.44,33.38,270,7.98,0
20200308,123500,0,1.79,0.06,0,0,14.74,0.04,0,0,0.45,33.31,135,7.98,0
20200308,123600,0,2.19,0.07,0,0,18.07,0.05,0,0,0.45,33,90,29.26,0
20200308,123700,0,1.87,0.06,0,0,15.39,0.04,0,0,0.45,33.06,90,19.95,0
20200308,123800,0,1.44,0.05,0,0,11.86,0.03,0,0,0.46,34.19,90,13.3,0
20200308,123900,0,1.68,0.06,0,0,13.86,0.04,0,0,0.46,34.56,225,10.64,0
20200308,124000,0,2.03,0.07,0,0,16.75,0.05,0,0,0.45,34.19,335,9.31,0
20200308,124100,0,2.03,0.07,0,0,16.72,0.05,0,0,0.46,34.44,90,3.99,0
20200308,124200,0,2,0.07,0,0,16.51,0.05,0,0,0.44,34,135,7.98,0
20200308,124300,0,1.81,0.06,0,0,14.93,0.04,0,0,0.44,34.06,135,17.29,0
20200308,124400,0,1.94,0.06,0,0,16,0.04,0,0,0.44,34.44,135,7.98,0
20200308,124500,0,2.14,0.07,0,0,17.66,0.05,0,0,0.45,34.69,135,6.65,0
20200308,124600,0,2.02,0.07,0,0,16.64,0.05,0,0,0.46,34.56,335,7.98,0
20200308,124700,0,1.84,0.06,0,0,15.16,0.04,0,0,0.45,34.06,270,14.63,0
20200308,124800,0,1.87,0.06,0,0,15.39,0.04,0,0,0.45,33.94,45,17.29,0
20200308,124900,0,1.59,0.05,0,0,13.11,0.04,0,0,0.45,34.62,0,15.96,0
20200308,125000,0,2.05,0.07,0,0,16.94,0.05,0,0,0.46,33.88,335,14.63,0
20200308,125100,0,1.83,0.06,0,0,15.1,0.04,0,0,0.45,33.5,0,6.65,0
20200308,125200,0,2.01,0.07,0,0,16.58,0.05,0,0,0.45,34.19,270,3.99,0
20200308,125300,0,1.93,0.06,0,0,15.92,0.04,0,0,0.43,33.88,180,7.98,0
20200308,125400,0,2.14,0.07,0,0,17.69,0.05,0,0,0.43,33.56,0,6.65,0
20200308,125500,0,2.09,0.07,0,0,17.27,0.05,0,0,0.43,33,335,2.66,0
20200308,125600,0,2.28,0.08,0,0,18.77,0.05,0,0,0.43,32.19,270,13.3,0
20200308,125700,0,2.05,0.07,0,0,16.94,0.05,0,0,0.43,31.75,90,9.31,0
20200308,125800,0,1.97,0.07,0,0,16.27,0.04,0,0,0.43,31.88,335,9.31,0
20200308,125900,0,2.12,0.07,0,0,17.53,0.05,0,0,0.43,32.19,270,3.99,0
20200308,130000,0,2.01,0.07,0,0,16.6,0.05,0,0,0.43,32.19,90,11.97,0
20200308,130100,0,2.15,0.07,0,0,17.75,0.05,0,0,0.43,32.44,45,15.96,0
20200308,130200,0,2.35,0.08,0,0,19.37,0.05,0,0,0.44,32.56,135,5.32,0
20200308,130300,0,2.38,0.08,0,0,19.66,0.05,0,0,0.44,32.56,45,7.98,0
20200308,130400,0,1.96,0.07,0,0,16.16,0.04,0,0,0.44,32.06,0,13.3,0
20200308,130500,0,2.21,0.07,0,0,18.25,0.05,0,0,0.44,31.81,0,15.96,0
20200308,130600,0,2.34,0.08,0,0,19.31,0.05,0,0,0.45,31.94,270,7.98,0
20200308,130700,0,2.07,0.07,0,0,17.08,0.05,0,0,0.43,31.81,0,10.64,0
20200308,130800,0,2.09,0.07,0,0,17.26,0.05,0,0,0.43,31.88,335,2.66,0
20200308,130900,0,2.06,0.07,0,0,16.97,0.05,0,0,0.44,32.12,225,5.32,0
20200308,131000,0,2.08,0.07,0,0,17.16,0.05,0,0,0.43,32,0,10.64,0
20200308,131100,0,2.45,0.08,0,0,20.19,0.06,0,0,0.44,32,45,10.64,0
20200308,131200,0,1.96,0.07,0,0,16.19,0.04,0,0,0.45,31.94,90,7.98,0
20200308,131300,0,2.71,0.09,0,0,22.34,0.06,0,0,0.45,32.06,135,3.99,0
20200308,131400,0,2.41,0.08,0,0,19.85,0.05,0,0,0.44,32.25,0,5.32,0
20200308,131500,0,2.16,0.07,0,0,17.81,0.05,0,0,0.43,32.25,180,2.66,0
20200308,131600,0,1.93,0.06,0,0,15.94,0.04,0,0,0.44,31.94,135,6.65,0
20200308,131700,0,2.22,0.07,0,0,18.31,0.05,0,0,0.44,31.62,45,7.98,0
20200308,131800,0,2.29,0.08,0,0,18.89,0.05,0,0,0.44,31.38,45,10.64,0
20200308,131900,0,2.28,0.08,0,0,18.77,0.05,0,0,0.45,31.44,0,6.65,0
20200308,132000,0,2.21,0.07,0,0,18.25,0.05,0,0,0.45,31.44,90,5.32,0
20200308,132100,0,2.36,0.08,0,0,19.5,0.05,0,0,0.44,31.31,90,5.32,0
20200308,132200,0,1.79,0.06,0,0,14.74,0.04,0,0,0.44,31.38,135,6.65,0
20200308,132300,0,2.43,0.08,0,0,20.07,0.06,0,0,0.44,30.94,90,14.63,0
20200308,132400,0,2.04,0.07,0,0,16.82,0.05,0,0,0.44,30.94,270,7.98,0
20200308,132500,0,2.18,0.07,0,0,17.95,0.05,0,0,0.44,31.12,90,10.64,0
20200308,132600,0,2.24,0.07,0,0,18.47,0.05,0,0,0.44,31,90,9.31,0
20200308,132700,0,2.45,0.08,0,0,20.21,0.06,0,0,0.44,31.06,90,3.99,0
20200308,132800,0,2.53,0.08,0,0,20.88,0.06,0,0,0.45,31.06,90,5.32,0
20200308,132900,0,2.7,0.09,0,0,22.31,0.06,0,0,0.47,31.5,90,1.33,0
20200308,133000,0,2.1,0.07,0,0,17.31,0.05,0,0,0.47,31.25,90,2.66,0
20200308,133100,0,2.32,0.08,0,0,19.12,0.05,0,0,0.47,30.94,45,6.65,0
20200308,133200,0,2.33,0.08,0,0,19.21,0.05,0,0,0.49,31.25,45,2.66,0
20200308,133300,0,2,0.07,0,0,16.46,0.05,0,0,0.49,31.12,45,2.66,0
20200308,133400,0,2.33,0.08,0,0,19.24,0.05,0,0,0.48,30.81,45,2.66,0
20200308,133500,0,2.32,0.08,0,0,19.11,0.05,0,0,0.49,31.06,45,2.66,0
20200308,133600,0,2.14,0.07,0,0,17.67,0.05,0,0,0.49,30.88,335,9.31,0
20200308,133700,0,2.17,0.07,0,0,17.92,0.05,0,0,0.48,30.75,335,5.32,0
20200308,133800,0,2.39,0.08,0,0,19.7,0.05,0,0,0.47,31,225,9.31,0
20200308,133900,0,2.27,0.08,0,0,18.75,0.05,0,0,0.46,30.75,270,3.99,0
20200308,134000,0,1.85,0.06,0,0,15.29,0.04,0,0,0.47,30.94,270,2.66,0
20200308,134100,0,2.27,0.08,0,0,18.72,0.05,0,0,0.46,30.75,270,2.66,0
20200308,134200,0,2.44,0.08,0,0,20.15,0.06,0,0,0.45,31,270,0,0
20200308,134300,0,2.78,0.09,0,0,22.93,0.06,0,0,0.45,31.19,270,0,0
20200308,134400,0,2.43,0.08,0,0,20.01,0.05,0,0,0.45,31.56,270,0,0
20200308,134500,0,2.16,0.07,0,0,17.84,0.05,0,0,0.45,31.62,270,0,0
20200308,134600,0,2.04,0.07,0,0,16.83,0.05,0,0,0.45,31.81,270,0,0
20200308,134700,0,2.32,0.08,0,0,19.11,0.05,0,0,0.44,31.62,135,3.99,0
20200308,134800,0,2.49,0.08,0,0,20.56,0.06,0,0,0.44,31.88,45,6.65,0
20200308,134900,0,2.3,0.08,0,0,18.95,0.05,0,0,0.43,32.5,135,11.97,0
20200308,135000,0,2.27,0.08,0,0,18.72,0.05,0,0,0.43,32.56,225,5.32,0
20200308,135100,0,2.54,0.08,0,0,20.99,0.06,0,0,0.43,32.62,90,6.65,0
20200308,135200,0,2.5,0.08,0,0,20.65,0.06,0,0,0.44,32.31,225,6.65,0
20200308,135300,0,2.26,0.08,0,0,18.68,0.05,0,0,0.44,32.69,225,5.32,0
20200308,135400,0,2.47,0.08,0,0,20.37,0.06,0,0,0.44,33.12,335,2.66,0
20200308,135500,0,2.59,0.09,0,0,21.35,0.06,0,0,0.44,32.56,225,10.64,0
20200308,135600,0,2.51,0.08,0,0,20.71,0.06,0,0,0.44,32.44,335,13.3,0
20200308,135700,0,2.98,0.1,0,0,24.59,0.07,0,0,0.46,32.44,225,6.65,0
20200308,135800,0,2.27,0.08,0,0,18.76,0.05,0,0,0.46,32.5,180,3.99,0
20200308,135900,0,2.5,0.08,0,0,20.59,0.06,0,0,0.47,32.81,225,5.32,0
20200308,140000,0,2.35,0.08,0,0,19.4,0.05,0,0,0.46,33.5,180,7.98,0
20200308,140100,0,2.44,0.08,0,0,20.11,0.06,0,0,0.47,33.69,0,9.31,0
20200308,140200,0,1.88,0.06,0,0,15.47,0.04,0,0,0.46,33.75,270,9.31,0
20200308,140300,0,2.2,0.07,0,0,18.15,0.05,0,0,0.46,34.62,335,14.63,0
20200308,140400,0,2.02,0.07,0,0,16.69,0.05,0,0,0.44,33.94,225,6.65,0
20200308,140500,0,2.19,0.07,0,0,18.04,0.05,0,0,0.43,33.75,180,15.96,0
20200308,140600,0,2.17,0.07,0,0,17.87,0.05,0,0,0.44,33.5,225,18.62,0
20200308,140700,0,2.27,0.08,0,0,18.69,0.05,0,0,0.44,33.25,180,17.29,0
20200308,140800,0,2.66,0.09,0,0,21.97,0.06,0,0,0.43,34,225,5.32,0
20200308,140900,0,2.33,0.08,0,0,19.26,0.05,0,0,0.43,34,270,11.97,0
20200308,141000,0,2.3,0.08,0,0,18.95,0.05,0,0,0.43,34.25,270,6.65,0
20200308,141100,0,2.57,0.09,0,0,21.17,0.06,0,0,0.43,34.19,180,15.96,0
20200308,141200,0,2.62,0.09,0,0,21.59,0.06,0,0,0.45,34.06,335,5.32,0
20200308,141300,0,2.37,0.08,0,0,19.58,0.05,0,0,0.45,35.62,45,6.65,0
20200308,141400,0,2.32,0.08,0,0,19.12,0.05,0,0,0.46,37.38,0,6.65,0
20200308,141500,0,1.95,0.06,0,0,16.1,0.04,0,0,0.46,37.06,225,3.99,0
20200308,141600,0,1.7,0.06,0,0,14.06,0.04,0,0,0.45,39.19,335,1.33,0
20200308,141700,0,2.23,0.07,0,0,18.36,0.05,0,0,0.45,37.81,270,18.62,0
20200308,141800,0,2.28,0.08,0,0,18.81,0.05,0,0,0.44,37.06,270,6.65,0
20200308,141900,0,1.95,0.06,0,0,16.09,0.04,0,0,0.45,37.62,270,6.65,0
20200308,142000,0,2.19,0.07,0,0,18.07,0.05,0,0,0.45,36.12,180,13.3,0
20200308,142100,0,1.91,0.06,0,0,15.79,0.04,0,0,0.44,35.75,270,6.65,0
20200308,142200,0,2.31,0.08,0,0,19.04,0.05,0,0,0.43,35.12,225,10.64,0
20200308,142300,0,1.82,0.06,0,0,15.03,0.04,0,0,0.42,34.62,270,11.97,0
20200308,142400,0,2.33,0.08,0,0,19.19,0.05,0,0,0.42,34.25,225,6.65,0
20200308,142500,0,2.22,0.07,0,0,18.35,0.05,0,0,0.43,34.19,225,14.63,0
20200308,142600,0,2.24,0.07,0,0,18.45,0.05,0,0,0.43,35.38,335,10.64,0
20200308,142700,0,2.12,0.07,0,0,17.46,0.05,0,0,0.45,35,335,9.31,0
20200308,142800,0,2.19,0.07,0,0,18.04,0.05,0,0,0.44,35.69,225,2.66,0
20200308,142900,0,1.92,0.06,0,0,15.82,0.04,0,0,0.46,34.62,225,3.99,0
20200308,143000,0,2.29,0.08,0,0,18.87,0.05,0,0,0.45,33.5,225,17.29,0
20200308,143100,0,2.09,0.07,0,0,17.23,0.05,0,0,0.45,32.75,225,2.66,0
20200308,143200,0,2.44,0.08,0,0,20.15,0.06,0,0,0.46,33.25,225,1.33,0
20200308,143300,0,2.23,0.07,0,0,18.37,0.05,0,0,0.45,33.75,225,0,0
20200308,143400,0,1.84,0.06,0,0,15.19,0.04,0,0,0.45,33.31,225,2.66,0
20200308,143500,0,2.34,0.08,0,0,19.32,0.05,0,0,0.45,33.12,335,2.66,0
20200308,143600,0,2.52,0.08,0,0,20.81,0.06,0,0,0.43,32.94,270,2.66,0
20200308,143700,0,2.09,0.07,0,0,17.24,0.05,0,0,0.44,31.94,270,10.64,0
20200308,143800,0,1.86,0.06,0,0,15.33,0.04,0,0,0.45,32.06,90,5.32,0
20200308,143900,0,2.37,0.08,0,0,19.59,0.05,0,0,0.44,32.25,180,3.99,0
20200308,144000,0,1.86,0.06,0,0,15.32,0.04,0,0,0.45,32.44,180,3.99,0
20200308,144100,0,2.28,0.08,0,0,18.79,0.05,0,0,0.46,31.94,135,2.66,0
20200308,144200,0,2.05,0.07,0,0,16.94,0.05,0,0,0.46,31.81,90,10.64,0
20200308,144300,0,2.54,0.08,0,0,20.96,0.06,0,0,0.46,31.81,45,18.62,0
20200308,144400,0,1.98,0.07,0,0,16.35,0.04,0,0,0.47,31.56,270,5.32,0
20200308,144500,0,2.27,0.08,0,0,18.76,0.05,0,0,0.47,31.81,180,2.66,0
20200308,144600,0,2.16,0.07,0,0,17.79,0.05,0,0,0.45,31.94,180,0,0
20200308,144700,0,2.36,0.08,0,0,19.46,0.05,0,0,0.44,32.06,180,0,0
20200308,144800,0,2.23,0.07,0,0,18.44,0.05,0,0,0.44,32.25,0,2.66,0
20200308,144900,0,2.24,0.07,0,0,18.45,0.05,0,0,0.44,32,225,3.99,0
20200308,145000,0,2.31,0.08,0,0,19.04,0.05,0,0,0.46,31.56,180,2.66,0
20200308,145100,0,2.32,0.08,0,0,19.12,0.05,0,0,0.45,31.69,270,5.32,0
20200308,145200,0,2.35,0.08,0,0,19.36,0.05,0,0,0.46,31.69,180,3.99,0
20200308,145300,0,2.55,0.08,0,0,21.03,0.06,0,0,0.45,31.19,270,13.3,0
20200308,145400,0,2.02,0.07,0,0,16.68,0.05,0,0,0.44,31.38,270,0,0
20200308,145500,0,1.85,0.06,0,0,15.29,0.04,0,0,0.45,31.56,335,3.99,0
20200308,145600,0,2.36,0.08,0,0,19.43,0.05,0,0,0.45,31.44,225,3.99,0
20200308,145700,0,2.46,0.08,0,0,20.32,0.06,0,0,0.45,31.44,225,6.65,0
20200308,145800,0,2.88,0.1,0,0,23.72,0.07,0,0,0.45,31.19,270,6.65,0
20200308,145900,0,2.7,0.09,0,0,22.24,0.06,0,0,0.45,31.06,225,6.65,0
20200308,150000,0,2.97,0.1,0,0,24.46,0.07,0,0,0.44,31.19,270,3.99,0
20200308,150100,0,2.49,0.08,0,0,20.52,0.06,0,0,0.44,31.62,270,1.33,0
20200308,150200,0,2.77,0.09,0,0,22.84,0.06,0,0,0.44,31.38,225,2.66,0
20200308,150300,0,2.99,0.1,0,0,24.64,0.07,0,0,0.44,31.25,225,7.98,0
20200308,150400,0,2.09,0.07,0,0,17.27,0.05,0,0,0.44,30.94,225,6.65,0
20200308,150500,0,2.98,0.1,0,0,24.58,0.07,0,0,0.45,30.88,225,2.66,0
20200308,150600,0,2.37,0.08,0,0,19.55,0.05,0,0,0.43,31.12,225,3.99,0
20200308,150700,0,2.48,0.08,0,0,20.47,0.06,0,0,0.45,31,180,3.99,0
20200308,150800,0,2.72,0.09,0,0,22.41,0.06,0,0,0.45,31.44,270,1.33,0
20200308,150900,0,2.87,0.1,0,0,23.69,0.07,0,0,0.44,31.56,225,0,0
20200308,151000,0,2.66,0.09,0,0,21.9,0.06,0,0,0.43,31.31,225,0,0
20200308,151100,0,2.8,0.09,0,0,23.06,0.06,0,0,0.43,31.19,225,3.99,0
20200308,151200,0,2.91,0.1,0,0,24.01,0.07,0,0,0.44,31.25,225,1.33,0
20200308,151300,0,2.92,0.1,0,0,24.1,0.07,0,0,0.43,30.81,225,3.99,0
20200308,151400,0,2.77,0.09,0,0,22.87,0.06,0,0,0.44,31.06,225,3.99,0
20200308,151500,0,2.8,0.09,0,0,23.1,0.06,0,0,0.44,31.06,180,5.32,0
20200308,151600,0,2.47,0.08,0,0,20.36,0.06,0,0,0.43,31.31,180,3.99,0
20200308,151700,0,2.82,0.09,0,0,23.25,0.06,0,0,0.44,31.56,180,0,0
20200308,151800,0,2.58,0.09,0,0,21.26,0.06,0,0,0.45,31.25,180,0,0
20200308,151900,0,2.37,0.08,0,0,19.58,0.05,0,0,0.44,31.12,270,7.98,0
20200308,152000,0,2.39,0.08,0,0,19.72,0.05,0,0,0.44,31.12,270,2.66,0
20200308,152100,0,2,0.07,0,0,16.48,0.05,0,0,0.46,31.06,225,17.29,0
20200308,152200,0,2.23,0.07,0,0,18.39,0.05,0,0,0.45,31.06,270,6.65,0
20200308,152300,0,2.61,0.09,0,0,21.53,0.06,0,0,0.46,31.31,270,1.33,0
20200308,152400,0,2.27,0.08,0,0,18.77,0.05,0,0,0.46,31.56,270,0,0
20200308,152500,0,2.55,0.08,0,0,21.02,0.06,0,0,0.47,31.69,135,0,0
20200308,152600,0,2.5,0.08,0,0,20.61,0.06,0,0,0.48,31.44,135,1.33,0
20200308,152700,0,2.21,0.07,0,0,18.25,0.05,0,0,0.46,31.06,270,9.31,0
20200308,152800,0,2.19,0.07,0,0,18.03,0.05,0,0,0.46,30.81,225,7.98,0
20200308,152900,0,2.53,0.08,0,0,20.88,0.06,0,0,0.44,31.12,225,3.99,0
20200308,153000,0,2.56,0.09,0,0,21.15,0.06,0,0,0.46,31.19,225,6.65,0
20200308,153100,0,2.35,0.08,0,0,19.41,0.05,0,0,0.46,31.19,0,9.31,0
20200308,153200,0,2.13,0.07,0,0,17.54,0.05,0,0,0.46,31.25,0,2.66,0
20200308,153300,0,2.31,0.08,0,0,19.04,0.05,0,0,0.44,31.25,225,2.66,0
20200308,153400,0,2.2,0.07,0,0,18.18,0.05,0,0,0.45,31.06,225,6.65,0
20200308,153500,0,2.18,0.07,0,0,17.97,0.05,0,0,0.45,30.88,270,9.31,0
20200308,153600,0,2.08,0.07,0,0,17.17,0.05,0,0,0.46,31.06,180,3.99,0
20200308,153700,0,2.02,0.07,0,0,16.66,0.05,0,0,0.47,31.06,135,3.99,0
20200308,153800,0,2.1,0.07,0,0,17.31,0.05,0,0,0.48,31.19,180,3.99,0
20200308,153900,0,1.98,0.07,0,0,16.37,0.04,0,0,0.48,31.19,335,2.66,0
20200308,154000,0,1.86,0.06,0,0,15.39,0.04,0,0,0.48,31.44,335,0,0
20200308,154100,0,2.01,0.07,0,0,16.55,0.05,0,0,0.48,31.38,180,5.32,0
20200308,154200,0,2.3,0.08,0,0,18.97,0.05,0,0,0.48,31.62,180,3.99,0
20200308,154300,0,2.19,0.07,0,0,18.05,0.05,0,0,0.48,31.38,225,3.99,0
20200308,154400,0,2.41,0.08,0,0,19.88,0.05,0,0,0.48,31.25,270,9.31,0
20200308,154500,0,2.17,0.07,0,0,17.91,0.05,0,0,0.48,31,225,2.66,0
20200308,154600,0,2.58,0.09,0,0,21.3,0.06,0,0,0.49,30.94,180,3.99,0
20200308,154700,0,1.99,0.07,0,0,16.4,0.05,0,0,0.47,31.12,335,5.32,0
20200308,154800,0,1.94,0.06,0,0,15.99,0.04,0,0,0.46,31.12,335,7.98,0
20200308,154900,0,2,0.07,0,0,16.52,0.05,0,0,0.46,31.06,225,2.66,0
20200308,155000,0,2.3,0.08,0,0,19.01,0.05,0,0,0.45,31.12,225,2.66,0
20200308,155100,0,2.39,0.08,0,0,19.69,0.05,0,0,0.45,30.69,225,6.65,0
20200308,155200,0,2.23,0.07,0,0,18.38,0.05,0,0,0.45,30.81,225,2.66,0
20200308,155300,0,1.78,0.06,0,0,14.66,0.04,0,0,0.44,30.81,180,6.65,0
20200308,155400,0,2.21,0.07,0,0,18.24,0.05,0,0,0.45,30.62,180,3.99,0
20200308,155500,0,2.22,0.07,0,0,18.33,0.05,0,0,0.44,30.81,225,3.99,0
20200308,155600,0,2.27,0.08,0,0,18.74,0.05,0,0,0.44,30.75,225,5.32,0
20200308,155700,0,2.02,0.07,0,0,16.69,0.05,0,0,0.46,30.69,225,3.99,0
20200308,155800,0,2.1,0.07,0,0,17.32,0.05,0,0,0.46,30.88,225,0,0
20200308,155900,0,2.1,0.07,0,0,17.35,0.05,0,0,0.47,30.81,225,2.66,0
20200308,160000,0,2.42,0.08,0,0,19.97,0.05,0,0,0.47,30.56,225,6.65,0
20200308,160100,0,2.2,0.07,0,0,18.18,0.05,0,0,0.47,30.44,270,3.99,0
20200308,160200,0,2.25,0.07,0,0,18.57,0.05,0,0,0.48,30.5,180,2.66,0
20200308,160300,0,2.25,0.07,0,0,18.58,0.05,0,0,0.48,30.62,270,2.66,0
20200308,160400,0,2.66,0.09,0,0,21.93,0.06,0,0,0.47,30.56,270,2.66,0
20200308,160500,0,2.49,0.08,0,0,20.51,0.06,0,0,0.47,30.56,0,3.99,0
20200308,160600,0,2.9,0.1,0,0,23.94,0.07,0,0,0.47,30.62,270,2.66,0
20200308,160700,0,2.88,0.1,0,0,23.79,0.07,0,0,0.47,30.5,225,2.66,0
20200308,160800,0,2.56,0.09,0,0,21.16,0.06,0,0,0.48,30.56,270,6.65,0
20200308,160900,0,2.38,0.08,0,0,19.61,0.05,0,0,0.48,30.56,270,1.33,0
20200308,161000,0,2.35,0.08,0,0,19.41,0.05,0,0,0.45,30.5,180,2.66,0
20200308,161100,0,2.68,0.09,0,0,22.14,0.06,0,0,0.46,-127,225,2.66,0
20200308,161200,0,2.58,0.09,0,0,21.26,0.06,0,0,0.48,-127,270,2.66,0
20200308,161300,0,2.39,0.08,0,0,19.74,0.05,0,0,0.47,30.75,335,2.66,0
20200308,161400,0,2.69,0.09,0,0,22.19,0.06,0,0,0.47,30.56,335,3.99,0
20200308,161500,0,2.53,0.08,0,0,20.9,0.06,0,0,0.47,30.62,270,7.98,0
20200308,161600,0,2.58,0.09,0,0,21.3,0.06,0,0,0.45,30.5,270,7.98,0
20200308,161700,0,2.4,0.08,0,0,19.78,0.05,0,0,0.44,30.38,270,3.99,0
20200308,161800,0,2.34,0.08,0,0,19.29,0.05,0,0,0.45,30.44,270,2.66,0
20200308,161900,0,2.19,0.07,0,0,18.1,0.05,0,0,0.46,30.44,270,2.66,0
20200308,162000,0,2.36,0.08,0,0,19.48,0.05,0,0,0.45,30.62,135,2.66,0
20200308,162100,0,2.42,0.08,0,0,20,0.05,0,0,0.44,30.56,225,5.32,0
20200308,162200,0,2.33,0.08,0,0,19.19,0.05,0,0,0.46,30.44,335,5.32,0
20200308,162300,0,2.31,0.08,0,0,19.05,0.05,0,0,0.46,30.5,180,2.66,0
20200308,162400,0,2.61,0.09,0,0,21.51,0.06,0,0,0.46,30.5,225,0,0
20200308,162500,0,2.79,0.09,0,0,22.98,0.06,0,0,0.47,30.5,225,0,0
20200308,162600,0,2.63,0.09,0,0,21.72,0.06,0,0,0.47,30.5,225,0,0
20200308,162700,0,2.62,0.09,0,0,21.63,0.06,0,0,0.46,30.38,180,0,0
20200308,162800,0,2.31,0.08,0,0,19.06,0.05,0,0,0.47,30.56,180,0,0
20200308,162900,0,2.57,0.09,0,0,21.21,0.06,0,0,0.45,30.5,335,5.32,0
20200308,163000,0,2.34,0.08,0,0,19.32,0.05,0,0,0.45,30.31,45,7.98,0
20200308,163100,0,2.34,0.08,0,0,19.3,0.05,0,0,0.45,30.38,45,2.66,0
20200308,163200,0,2.17,0.07,0,0,17.93,0.05,0,0,0.44,30.31,225,5.32,0
20200308,163300,0,1.98,0.07,0,0,16.3,0.04,0,0,0.44,30.12,270,6.65,0
20200308,163400,0,2.11,0.07,0,0,17.4,0.05,0,0,0.44,30.19,335,2.66,0
20200308,163500,0,2.27,0.08,0,0,18.73,0.05,0,0,0.44,30.31,225,2.66,0
20200308,163600,0,2.4,0.08,0,0,19.8,0.05,0,0,0.43,30.25,270,6.65,0
20200308,163700,0,2.47,0.08,0,0,20.36,0.06,0,0,0.45,30.12,135,5.32,0
20200308,163800,0,2.64,0.09,0,0,21.82,0.06,0,0,0.46,30.19,180,6.65,0
20200308,163900,0,2.74,0.09,0,0,22.62,0.06,0,0,0.47,30.19,225,3.99,0
20200308,164000,0,2.45,0.08,0,0,20.23,0.06,0,0,0.46,30.31,225,0,0
20200308,164100,0,2.76,0.09,0,0,22.75,0.06,0,0,0.45,30.31,225,0,0
20200308,164200,0,2.66,0.09,0,0,21.95,0.06,0,0,0.47,30.31,135,6.65,0
20200308,164300,0,2.22,0.07,0,0,18.28,0.05,0,0,0.45,30.38,135,3.99,0
20200308,164400,0,1.92,0.06,0,0,15.84,0.04,0,0,0.46,30.31,335,5.32,0
20200308,164500,0,2.01,0.07,0,0,16.57,0.05,0,0,0.46,30.38,180,0,0
20200308,164600,0,1.92,0.06,0,0,15.83,0.04,0,0,0.44,30.44,180,2.66,0
20200308,164700,0,2.49,0.08,0,0,20.5,0.06,0,0,0.46,30.31,180,3.99,0
20200308,164800,0,2.49,0.08,0,0,20.53,0.06,0,0,0.46,30.19,180,2.66,0
20200308,164900,0,2.33,0.08,0,0,19.21,0.05,0,0,0.46,30.19,180,0,0
20200308,165000,0,2.46,0.08,0,0,20.29,0.06,0,0,0.47,30,180,0,0
20200308,165100,0,2.66,0.09,0,0,21.96,0.06,0,0,0.47,30.06,135,0,0
20200308,165200,0,2.22,0.07,0,0,18.29,0.05,0,0,0.46,30.19,180,0,0
20200308,165300,0,2.24,0.07,0,0,18.49,0.05,0,0,0.45,30.25,180,0,0
20200308,165400,0,2.73,0.09,0,0,22.49,0.06,0,0,0.46,30.06,180,0,0
20200308,165500,0,1.98,0.07,0,0,16.3,0.04,0,0,0.46,30.19,225,5.32,0
20200308,165600,0,2.33,0.08,0,0,19.23,0.05,0,0,0.47,30,270,1.33,0
20200308,165700,0,2.6,0.09,0,0,21.45,0.06,0,0,0.47,-127,225,1.33,0
20200308,165800,0,2.05,0.07,0,0,16.91,0.05,0,0,0.48,29.94,225,3.99,0
20200308,165900,0,2.1,0.07,0,0,17.31,0.05,0,0,0.47,29.69,225,1.33,0
20200308,170000,0,2.19,0.07,0,0,18.11,0.05,0,0,0.45,29.62,225,0,0
20200308,170100,0,2.09,0.07,0,0,17.22,0.05,0,0,0.46,29.69,225,0,0
20200308,170200,0,2.37,0.08,0,0,19.56,0.05,0,0,0.47,29.5,225,0,0
20200308,170300,0,2.18,0.07,0,0,17.96,0.05,0,0,0.46,29.38,225,0,0
20200308,170400,0,2.16,0.07,0,0,17.85,0.05,0,0,0.45,29.44,225,0,0
20200308,170500,0,2.35,0.08,0,0,19.41,0.05,0,0,0.45,29.38,180,0,0
20200308,170600,0,2.27,0.08,0,0,18.7,0.05,0,0,0.46,29.19,225,0,0
20200308,170700,0,2.21,0.07,0,0,18.2,0.05,0,0,0.45,29.31,225,0,0
20200308,170800,0,2.15,0.07,0,0,17.76,0.05,0,0,0.44,29.38,225,0,0
20200308,170900,0,2.44,0.08,0,0,20.11,0.06,0,0,0.44,29.44,225,0,0
20200308,171000,0,2.18,0.07,0,0,17.99,0.05,0,0,0.44,29.56,270,2.66,0
20200308,171100,0,2.32,0.08,0,0,19.16,0.05,0,0,0.44,29.69,270,0,0
20200308,171200,0,2.08,0.07,0,0,17.17,0.05,0,0,0.45,29.44,270,0,0
20200308,171300,0,2.8,0.09,0,0,23.14,0.06,0,0,0.45,29.19,270,0,0
20200308,171400,0,2.9,0.1,0,0,23.94,0.07,0,0,0.45,29.06,270,0,0
20200308,171500,0,2.57,0.09,0,0,21.18,0.06,0,0,0.45,29.25,270,0,0
20200308,171600,0,2.41,0.08,0,0,19.88,0.05,0,0,0.45,28.81,270,0,0
20200308,171700,0,2.21,0.07,0,0,18.2,0.05,0,0,0.43,28.94,270,0,0
20200308,171800,0,2.4,0.08,0,0,19.77,0.05,0,0,0.43,28.75,270,0,0
20200308,171900,0,2.77,0.09,0,0,22.85,0.06,0,0,0.45,28.62,270,0,0
20200308,172000,0,3.14,0.1,0,0,25.92,0.07,0,0,0.44,28.62,270,0,0
20200308,172100,0,3.2,0.11,0,0,26.38,0.07,0,0,0.46,28.25,270,0,0
20200308,172200,0,2.74,0.09,0,0,22.57,0.06,0,0,0.45,28.19,270,0,0
20200308,172300,0,2.89,0.1,0,0,23.86,0.07,0,0,0.46,28,270,0,0
20200308,172400,0,3.44,0.11,0,0,28.41,0.08,0,0,0.46,28.06,270,0,0
20200308,172500,0,3.16,0.11,0,0,26.04,0.07,0,0,0.47,27.69,270,0,0
20200308,172600,0,2.95,0.1,0,0,24.31,0.07,0,0,0.46,27.38,270,0,0
20200308,172700,0,3.22,0.11,0,0,26.57,0.07,0,0,0.45,27.38,270,0,0
20200308,172800,0,2.8,0.09,0,0,23.07,0.06,0,0,0.46,27.06,270,0,0
20200308,172900,0,2.7,0.09,0,0,22.31,0.06,0,0,0.46,27.12,225,0,0
20200308,173000,0,2.79,0.09,0,0,23.01,0.06,0,0,0.46,26.94,270,0,0
20200308,173100,0,2.93,0.1,0,0,24.16,0.07,0,0,0.47,26.88,270,0,0
20200308,173200,0,3.39,0.11,0,0,27.93,0.08,0,0,0.46,27.12,270,0,0
20200308,173300,0,3.39,0.11,0,0,27.95,0.08,0,0,0.46,27.31,270,0,0
20200308,173400,0,3.1,0.1,0,0,25.57,0.07,0,0,0.45,27.44,270,0,0
20200308,173500,0,3.35,0.11,0,0,27.62,0.08,0,0,0.46,27.44,270,0,0
20200308,173600,0,3.69,0.12,0,0,30.42,0.08,0,0,0.46,27.19,270,0,0
20200308,173700,0,3.57,0.12,0,0,29.49,0.08,0,0,0.46,27,225,0,0
20200308,173800,0,3.19,0.11,0,0,26.33,0.07,0,0,0.46,27.12,270,0,0
20200308,173900,0,3.43,0.11,0,0,28.27,0.08,0,0,0.46,27.19,270,0,0
20200308,174000,0,4.15,0.14,0,0,34.27,0.09,0,0,0.46,27.25,270,0,0
20200308,174100,0,5,0.17,0,0,41.23,0.11,0,0,0.46,27.69,270,0,0
20200308,174200,0,4.46,0.15,0,0,36.81,0.1,0,0,0.48,27.81,270,0,0
20200308,174300,0,3.59,0.12,0,0,29.62,0.08,0,0,0.49,27.38,225,0,0
20200308,174400,0,4.62,0.15,0,0,38.1,0.1,0,0,0.48,27.12,225,0,0
20200308,174500,0,3.97,0.13,0,0,32.76,0.09,0,0,0.46,26.81,225,0,0
20200308,174600,0,4.22,0.14,0,0,34.82,0.1,0,0,0.47,26.69,270,0,0
20200308,174700,0,4.09,0.14,0,0,33.71,0.09,0,0,0.46,26.88,270,0,0
20200308,174800,0,4.58,0.15,0,0,37.76,0.1,0,0,0.47,27,270,0,0
20200308,174900,0,4.47,0.15,0,0,36.84,0.1,0,0,0.46,26.56,180,0,0
20200308,175000,0,4.15,0.14,0,0,34.27,0.09,0,0,0.48,26.38,180,2.66,0
20200308,175100,0,4.06,0.13,0,0,33.46,0.09,0,0,0.47,26.12,180,0,0
20200308,175300,0,4.65,0.15,0,0,38.33,0.11,0,0,0.47,25.81,180,0,0
20200308,175400,0,4.51,0.15,0,0,37.17,0.1,0,0,0.49,25.62,180,0,0
20200308,175500,0,4.12,0.14,0,0,33.97,0.09,0,0,0.5,25.56,180,0,0
20200308,175600,0,4.63,0.15,0,0,38.21,0.11,0,0,0.51,25.5,180,0,0
20200308,175700,0,4.69,0.16,0,0,38.68,0.11,0,0,0.48,25.19,180,0,0
20200308,175800,0,4.6,0.15,0,0,37.94,0.1,0,0,0.48,25.19,180,0,0
20200308,175900,0,4.57,0.15,0,0,37.66,0.1,0,0,0.48,25.06,180,0,0
20200308,180000,0,4.83,0.16,0,0,39.85,0.11,0,0,0.48,25,180,0,0
20200308,180100,0,4.88,0.16,0,0,40.24,0.11,0,0,0.48,24.88,180,0,0
20200308,180200,0,4.79,0.16,0,0,39.56,0.11,0,0,0.47,24.75,180,0,0
20200308,180300,0,4.67,0.16,0,0,38.54,0.11,0,0,0.47,24.75,180,0,0
20200308,180400,0,4.95,0.16,0,0,40.81,0.11,0,0,0.48,24.75,180,0,0
20200308,180500,0,4.57,0.15,0,0,37.74,0.1,0,0,0.49,24.62,180,0,0
20200308,180600,0,4.78,0.16,0,0,39.45,0.11,0,0,0.51,24.56,180,0,0
20200308,180700,0,5.09,0.17,0,0,42.03,0.12,0,0,0.49,24.5,180,0,0
20200308,180800,0,5.14,0.17,0,0,42.39,0.12,0,0,0.49,24.38,180,0,0
20200308,180900,0,5.11,0.17,0,0,42.13,0.12,0,0,0.51,24.38,180,0,0
20200308,181000,0,5.13,0.17,0,0,42.34,0.12,0,0,0.51,24.69,180,0,0
20200308,181100,0,5.13,0.17,0,0,42.35,0.12,0,0,0.49,24.56,180,0,0
20200308,181200,0,5.47,0.18,0,0,45.16,0.12,0,0,0.49,24.62,180,0,0
20200308,181300,0,5.08,0.17,0,0,41.92,0.12,0,0,0.47,24.31,180,0,0
20200308,181400,0,5.12,0.17,0,0,42.23,0.12,0,0,0.47,24.38,180,0,0
20200308,181500,0,5.92,0.2,0,0,48.8,0.13,0,0,0.47,24.44,180,0,0
20200308,181600,0,5.18,0.17,0,0,42.75,0.12,0,0,0.48,24.44,180,0,0
20200308,181700,0,5.45,0.18,0,0,44.99,0.12,0,0,0.48,24.19,180,0,0
20200308,181800,0,5.31,0.18,0,0,43.81,0.12,0,0,0.48,24.19,180,0,0
20200308,181900,0,5.12,0.17,0,0,42.27,0.12,0,0,0.48,23.94,180,0,0
20200308,182000,0,5.25,0.17,0,0,43.34,0.12,0,0,0.47,23.94,180,0,0
20200308,182100,0,6.22,0.21,0,0,51.28,0.14,0,0,0.48,24,180,0,0
20200308,182200,0,5.79,0.19,0,0,47.81,0.13,0,0,0.48,24.06,180,0,0
20200308,182300,0,5.3,0.18,0,0,43.75,0.12,0,0,0.48,24.31,180,0,0
20200308,182400,0,5.57,0.19,0,0,45.95,0.13,0,0,0.48,24.25,180,0,0
20200308,182500,0,5.49,0.18,0,0,45.3,0.12,0,0,0.47,24.25,180,0,0
20200308,182600,0,5.35,0.18,0,0,44.12,0.12,0,0,0.48,24.12,135,0,0
20200308,182700,0,5.64,0.19,0,0,46.55,0.13,0,0,0.49,24,180,0,0
20200308,182800,0,5.43,0.18,0,0,44.82,0.12,0,0,0.52,24,180,0,0
20200308,182900,0,5.07,0.17,0,0,41.79,0.11,0,0,0.5,24.12,180,0,0
20200308,183000,0,5.49,0.18,0,0,45.27,0.12,0,0,0.5,24.12,180,0,0
20200308,183100,0,5.1,0.17,0,0,42.07,0.12,0,0,0.51,24.12,180,0,0
20200308,183200,0,5.11,0.17,0,0,42.15,0.12,0,0,0.5,24.44,180,0,0
20200308,183300,0,4.71,0.16,0,0,38.87,0.11,0,0,0.52,24.25,180,0,0
20200308,183400,0,4.45,0.15,0,0,36.75,0.1,0,0,0.51,24.44,135,0,0
20200308,183500,0,5.39,0.18,0,0,44.49,0.12,0,0,0.49,24.44,180,0,0
20200308,183600,0,5.76,0.19,0,0,47.51,0.13,0,0,0.49,24.38,180,0,0
20200308,183700,0,5.85,0.19,0,0,48.24,0.13,0,0,0.49,24.31,180,0,0
20200308,183800,0,5.88,0.2,0,0,48.52,0.13,0,0,0.49,24.19,180,0,0
20200308,183900,0,6.9,0.23,0,0,56.91,0.16,0,0,0.5,23.94,180,0,0
20200308,184000,0,7.28,0.24,0,0,60.04,0.16,0,0,0.51,24.06,180,0,0
20200308,184100,0,7.35,0.24,0,0,60.64,0.17,0,0,0.52,23.88,180,0,0
20200308,184200,0,6.94,0.23,0,0,57.29,0.16,0,0,0.51,23.75,180,0,0
20200308,184300,0,5.98,0.2,0,0,49.34,0.14,0,0,0.51,23.69,180,0,0
20200308,184400,0,7.63,0.25,0,0,62.94,0.17,0,0,0.52,23.5,180,0,0
20200308,184500,0,8.51,0.28,0,0,70.21,0.19,0,0,0.51,23.5,135,0,0
20200308,184600,0,9.26,0.31,0,0,76.42,0.21,0,0,0.49,23.5,180,0,0
20200308,184700,0,8.98,0.3,0,0,74.09,0.2,0,0,0.52,23.31,180,0,0
20200308,184800,0,9.04,0.3,0,0,74.57,0.21,0,0,0.51,23.31,180,0,0
20200308,184900,0,9.27,0.31,0,0,76.51,0.21,0,0,0.5,23.31,180,0,0
20200308,185000,0,9.91,0.33,0,0,81.72,0.22,0,0,0.48,23.5,180,0,0
20200308,185100,0,11.03,0.37,0,0,90.97,0.25,0,0,0.52,23.62,180,0,0
20200308,185200,0,11.26,0.38,0,0,92.87,0.26,0,0,0.51,23.75,180,0,0
20200308,185300,0,12.53,0.42,0,0,103.35,0.28,0,0,0.52,23.81,180,0,0
20200308,185400,0,11.89,0.4,0,0,98.06,0.27,0,0,0.51,23.75,180,0,0
20200308,185500,0,11.6,0.39,0,0,95.74,0.26,0,0,0.51,23.75,180,0,0
20200308,185600,0,10.94,0.36,0,0,90.24,0.25,0,0,0.5,23.44,180,0,0
20200308,185700,0,11.63,0.39,0,0,95.92,0.26,0,0,0.49,23.44,180,0,0
20200308,185800,0,11.09,0.37,0,0,91.48,0.25,0,0,0.51,23.44,180,0,0
20200308,185900,0,10.97,0.37,0,0,90.51,0.25,0,0,0.5,23.38,180,0,0
20200308,190000,0,10.79,0.36,0,0,89.04,0.24,0,0,0.51,23.5,180,0,0
20200308,190100,0,9.06,0.3,0,0,74.71,0.21,0,0,0.49,23.69,180,0,0
20200308,190200,0,11.69,0.39,0,0,96.42,0.26,0,0,0.49,23.69,180,0,0
20200308,190300,0,11.4,0.38,0,0,94.04,0.26,0,0,0.48,23.62,180,0,0
20200308,190400,0,11.25,0.37,0,0,92.78,0.25,0,0,0.48,23.56,180,0,0
20200308,190500,0,11.48,0.38,0,0,94.75,0.26,0,0,0.5,23.44,180,0,0
20200308,190600,0,10.82,0.38,0.01,0,89.26,0.27,0.01,0,0.55,23.25,180,0,0
20200308,190700,0,10.4,0.42,0.06,0.01,85.66,0.32,0.01,0,0.56,23.31,180,0,0
20200308,190800,0,11.3,0.38,0,0,93.23,0.26,0,0,0.5,23.25,180,0,0
20200308,190900,0,11.71,0.39,0,0,96.58,0.27,0,0,0.49,23.44,180,0,0
20200308,191000,0,11.32,0.38,0,0,93.41,0.26,0,0,0.48,23.5,180,0,0
20200308,191100,0,11.37,0.38,0,0,93.84,0.26,0,0,0.48,23.31,135,0,0
20200308,191200,0,11.98,0.4,0,0,98.82,0.27,0,0,0.49,23.38,180,0,0
20200308,191300,0,11.96,0.4,0,0,98.67,0.27,0,0,0.49,23.31,180,0,0
20200308,191400,0,12.06,0.4,0,0,99.53,0.27,0,0,0.48,23.31,180,0,0
20200308,191500,0,12.18,0.41,0,0,100.47,0.28,0,0,0.51,23.38,180,0,0
20200308,191600,0,12.98,0.43,0,0,107.12,0.29,0,0,0.51,23.12,180,0,0
20200308,191700,0,11.83,0.39,0,0,97.58,0.27,0,0,0.53,23.25,180,0,0
20200308,191800,0,12.22,0.43,0.02,0,100.82,0.31,0.01,0,0.53,23.19,135,0,0
20200308,191900,0,12.22,0.41,0,0,100.78,0.28,0,0,0.52,23.12,180,0,0
20200308,192000,0,11.9,0.4,0,0,98.15,0.27,0,0,0.51,23.12,180,0,0
20200308,192100,0,12.19,0.41,0,0,100.57,0.28,0,0,0.53,23.06,180,0,0
20200308,192200,0,11.57,0.39,0.01,0,95.47,0.27,0,0,0.53,22.88,180,0,0
20200308,192300,0,12.32,0.41,0,0,101.67,0.28,0,0,0.49,22.81,180,0,0
20200308,192400,0,12.71,0.42,0,0,104.9,0.29,0,0,0.49,22.94,180,0,0
20200308,192500,0,11.75,0.39,0,0,96.94,0.27,0,0,0.5,22.94,180,0,0
20200308,192600,0,12.91,0.43,0,0,106.54,0.29,0,0,0.49,23.06,135,0,0
20200308,192700,0,12.09,0.4,0,0,99.77,0.27,0,0,0.5,23,180,0,0
20200308,192800,0,13.11,0.44,0,0,108.13,0.3,0,0,0.48,23.06,180,0,0
20200308,192900,0,12.64,0.42,0,0,104.27,0.29,0,0,0.53,23.19,180,0,0
20200308,193000,0,12.59,0.42,0,0,103.89,0.29,0,0,0.53,23.25,180,0,0
20200308,193100,0,12.87,0.43,0,0,106.22,0.29,0,0,0.49,23.38,180,0,0
20200308,193200,0,12.95,0.43,0,0,106.83,0.29,0,0,0.52,23.31,180,0,0
20200308,193300,0,12.88,0.43,0,0,106.23,0.29,0,0,0.49,23.5,180,0,0
20200308,193400,0,11.92,0.4,0,0,98.38,0.27,0,0,0.49,23.62,180,0,0
20200308,193500,0,12.59,0.42,0,0,103.87,0.29,0,0,0.51,23.56,180,0,0
20200308,193600,0,13.43,0.45,0,0,110.83,0.31,0,0,0.54,23.31,180,0,0
20200308,193700,0,11.43,0.38,0,0,94.27,0.26,0,0,0.51,23.44,180,0,0
20200308,193800,0,13.18,0.44,0,0,108.74,0.3,0,0,0.49,23.44,180,0,0
20200308,193900,0,11.97,0.4,0,0,98.78,0.27,0,0,0.49,23.44,180,0,0
20200308,194000,0,12.03,0.4,0,0,99.28,0.27,0,0,0.48,23.69,180,0,0
20200308,194100,0,12.34,0.41,0,0,101.82,0.28,0,0,0.5,23.56,135,0,0
20200308,194200,0,12.52,0.42,0,0,103.32,0.28,0,0,0.5,23.56,135,0,0
20200308,194300,0,11.51,0.39,0,0,94.93,0.27,0,0,0.54,23.75,180,0,0
20200308,194400,0,13.2,0.44,0,0,108.88,0.3,0,0,0.52,23.81,180,0,0
20200308,194500,0,12.47,0.41,0,0,102.85,0.28,0,0,0.5,23.81,180,0,0
20200308,194600,0,12.49,0.42,0,0,103.08,0.28,0,0,0.51,23.81,180,0,0
20200308,194700,0,12.52,0.42,0,0,103.29,0.28,0,0,0.51,23.81,180,0,0
20200308,194800,0,12.98,0.43,0,0,107.06,0.29,0,0,0.5,23.88,180,0,0
20200308,194900,0,14.75,0.49,0,0,121.65,0.33,0,0,0.5,23.88,180,0,0
20200308,195000,0,13.25,0.44,0,0,109.3,0.3,0,0,0.52,24,180,0,0
20200308,195100,0,14.03,0.47,0,0,115.76,0.32,0,0,0.48,24,180,0,0
20200308,195200,0,12.2,0.41,0,0,100.64,0.28,0,0,0.5,23.94,180,0,0
20200308,195300,0,12.66,0.42,0,0,104.43,0.29,0,0,0.49,23.81,180,0,0
20200308,195400,0,12.74,0.42,0,0,105.07,0.29,0,0,0.47,23.75,135,0,0
20200308,195500,0,12.58,0.42,0,0,103.83,0.29,0,0,0.49,23.69,180,0,0
20200308,195600,0,12.3,0.41,0,0,101.44,0.28,0,0,0.49,23.62,135,0,0
20200308,195700,0,12.56,0.42,0,0,103.65,0.28,0,0,0.5,23.62,180,0,0
20200308,195800,0,12.81,0.43,0,0,105.68,0.29,0,0,0.51,23.81,180,0,0
20200308,195900,0,15.39,0.51,0,0,126.94,0.35,0,0,0.51,23.94,180,0,0
20200308,200000,0,16.57,0.55,0,0,136.73,0.38,0.01,0,0.53,23.81,180,0,0
20200308,200100,0,16.81,0.56,0,0,138.69,0.38,0.01,0,0.52,23.88,180,0,0
20200308,200200,0,16.74,0.56,0,0,138.1,0.38,0.01,0,0.48,23.69,135,0,0
20200308,200300,0,18.31,0.61,0,0,151.1,0.42,0.01,0,0.49,23.5,180,0,0
20200308,200400,0,17.77,0.59,0,0,146.6,0.4,0.01,0,0.53,23.38,180,0,0
20200308,200500,0,18.01,0.6,0,0,148.61,0.41,0.01,0,0.51,23.31,180,0,0
20200308,200600,0,18.07,0.6,0,0,149.09,0.41,0.01,0,0.53,23.5,135,1.33,0
20200308,200700,0,18.37,0.61,0,0,151.54,0.42,0.01,0,0.5,23.62,180,3.99,0
20200308,200800,0,19.03,0.63,0,0,157.04,0.43,0.01,0,0.51,23.81,135,7.98,0
20200308,200900,0,19.26,0.64,0,0,158.88,0.44,0.01,0,0.52,24.19,135,9.31,0
20200308,201000,0,19.64,0.65,0,0,162.05,0.45,0.01,0,0.51,24.5,135,2.66,0
20200308,201100,0,18.73,0.62,0,0,154.53,0.42,0.01,0,0.51,24.62,135,9.31,0
20200308,201200,0,17.16,0.57,0,0,141.57,0.39,0.01,0,0.5,24.5,135,10.64,0
20200308,201300,0,17.89,0.6,0,0,147.61,0.41,0.01,0,0.5,24.38,135,2.66,0
20200308,201400,0,16.35,0.54,0,0,134.91,0.37,0.01,0,0.52,24.38,135,3.99,0
20200308,201500,0,16.87,0.64,0.06,0.01,139.09,0.47,0.02,0.01,0.54,24.12,135,2.66,0
20200308,201600,0,15.99,0.53,0,0,131.9,0.36,0.01,0,0.49,24.31,135,3.99,0
20200308,201700,0,15.87,0.53,0,0,130.92,0.36,0,0,0.5,24.31,135,0,0
20200308,201800,0,16.21,0.54,0,0,133.73,0.37,0.01,0,0.52,24.12,135,0,0
20200308,201900,0,15.79,0.58,0.04,0.01,130.17,0.42,0.01,0,0.54,24.25,135,0,0
20200308,202000,0,15.22,0.51,0,0,125.61,0.35,0,0,0.51,24.5,180,1.33,0
20200308,202100,0,14.1,0.47,0,0,116.31,0.32,0,0,0.52,24.62,180,0,0
20200308,202200,0,14.97,0.51,0.01,0,123.52,0.35,0.01,0,0.54,24.25,180,0,0
20200308,202300,0,15.6,0.55,0.02,0,128.63,0.38,0.01,0,0.53,24.25,180,0,0
20200308,202400,0,14.56,0.49,0,0,120.09,0.34,0.01,0,0.54,24.12,180,0,0
20200308,202500,0,14.84,0.49,0,0,122.44,0.34,0,0,0.54,24,180,2.66,0
20200308,202600,0,14.86,0.49,0,0,122.62,0.34,0,0,0.5,24.38,180,5.32,0
20200308,202700,0,13.96,0.46,0,0,115.21,0.32,0,0,0.51,24.56,135,0,0
20200308,202800,0,14.42,0.48,0,0,118.97,0.33,0,0,0.49,24.38,180,0,0
20200308,202900,0,14.16,0.47,0,0,116.8,0.32,0,0,0.5,24.38,180,0,0
20200308,203000,0,14.4,0.48,0,0,118.78,0.33,0,0,0.5,24.31,180,0,0
20200308,203100,0,15.1,0.5,0,0,124.57,0.34,0,0,0.53,23.81,180,0,0
20200308,203200,0,15.55,0.56,0.03,0,128.24,0.39,0.01,0,0.54,23.5,180,0,0
20200308,203300,0,15.12,0.51,0,0,124.7,0.34,0.01,0,0.52,23.5,180,0,0
20200308,203400,0,15.21,0.51,0,0,125.48,0.34,0,0,0.5,23.38,180,0,0
20200308,203500,0,15.33,0.51,0,0,126.51,0.35,0,0,0.52,23.12,180,0,0
20200308,203600,0,15.2,0.51,0,0,125.39,0.34,0,0,0.5,23,180,0,0
20200308,203700,0,16.13,0.54,0,0,133.05,0.37,0.01,0,0.48,23.12,180,0,0
20200308,203800,0,15.62,0.52,0,0,128.85,0.35,0,0,0.49,23.19,180,0,0
20200308,203900,0,14.74,0.49,0,0,121.6,0.33,0,0,0.49,23.19,180,0,0
20200308,204000,0,13.81,0.46,0,0,113.96,0.31,0,0,0.49,23.25,135,0,0
20200308,204100,0,14.66,0.49,0,0,120.96,0.33,0,0,0.51,23.12,180,0,0
20200308,204200,0,12.92,0.43,0,0,106.63,0.29,0,0,0.48,23.06,180,0,0
20200308,204300,0,13.81,0.46,0,0,113.93,0.31,0,0,0.49,22.88,180,0,0
20200308,204400,0,14.13,0.47,0,0,116.55,0.32,0,0,0.5,22.88,180,0,0
20200308,204500,0,13.7,0.46,0,0,113.02,0.31,0,0,0.5,22.69,180,0,0
20200308,204600,0,13.2,0.44,0,0,108.91,0.3,0,0,0.51,22.94,180,0,0
20200308,204700,0,12.91,0.43,0,0,106.49,0.29,0,0,0.5,23,180,0,0
20200308,204800,0,13.81,0.46,0,0,113.95,0.31,0,0,0.47,22.94,180,0,0
20200308,204900,0,13.74,0.46,0,0,113.4,0.31,0,0,0.5,22.88,180,0,0
20200308,205000,0,12.97,0.43,0,0,106.99,0.29,0,0,0.49,22.75,180,0,0
20200308,205100,0,12.62,0.42,0,0,104.11,0.29,0,0,0.48,22.81,180,0,0
20200308,205200,0,12.71,0.42,0,0,104.87,0.29,0,0,0.48,22.5,180,0,0
20200308,205300,0,12.64,0.42,0,0,104.26,0.29,0,0,0.47,22.69,135,0,0
20200308,205400,0,12.74,0.42,0,0,105.13,0.29,0,0,0.49,22.5,135,3.99,0
20200308,205500,0,13.25,0.44,0,0,109.31,0.3,0,0,0.48,22.31,135,0,0
20200308,205600,0,12.88,0.43,0,0,106.3,0.29,0,0,0.5,22.38,135,0,0
20200308,205700,0,11.96,0.4,0,0,98.64,0.27,0,0,0.48,22.5,135,0,0
20200308,205800,0,13.38,0.45,0,0,110.36,0.3,0,0,0.46,22.69,135,0,0
20200308,205900,0,12.72,0.42,0,0,104.97,0.29,0,0,0.5,22.75,135,0,0
20200308,210000,0,12.7,0.42,0,0,104.77,0.29,0,0,0.49,22.75,135,0,0
20200308,210100,0,14.25,0.47,0,0,117.55,0.32,0,0,0.49,22.56,135,0,0
20200308,210200,0,13.63,0.45,0,0,112.46,0.31,0,0,0.52,22.5,135,0,0
20200308,210300,0,13.2,0.44,0,0,108.88,0.3,0,0,0.5,22.56,135,0,0
20200308,210400,0,13.7,0.46,0,0,113.01,0.31,0,0,0.5,22.38,135,0,0
20200308,210500,0,12.97,0.43,0,0,107.04,0.29,0,0,0.48,22.75,135,0,0
20200308,210600,0,13.03,0.43,0,0,107.53,0.3,0,0,0.48,22.94,135,0,0
20200308,210700,0,13.15,0.44,0,0,108.46,0.3,0,0,0.5,22.94,135,0,0
20200308,210800,0,14.07,0.47,0,0,116.05,0.32,0,0,0.49,22.81,135,0,0
20200308,210900,0,13.35,0.44,0,0,110.12,0.3,0,0,0.48,22.81,135,0,0
20200308,211000,0,13.53,0.45,0,0,111.63,0.31,0,0,0.47,22.69,135,0,0
20200308,211100,0,12.55,0.42,0,0,103.56,0.28,0,0,0.48,22.88,135,0,0
20200308,211200,0,13.37,0.44,0,0,110.31,0.3,0,0,0.48,22.88,135,0,0
20200308,211300,0,13.32,0.44,0,0,109.86,0.3,0,0,0.49,23,135,0,0
20200308,211400,0,12.77,0.42,0,0,105.34,0.29,0,0,0.51,23.06,135,0,0
20200308,211500,0,13.44,0.45,0,0,110.87,0.3,0,0,0.53,22.75,135,0,0
20200308,211600,0,14.77,0.49,0,0,121.83,0.33,0,0,0.47,22.75,135,0,0
20200308,211700,0,15.81,0.53,0,0,130.4,0.36,0,0,0.49,22.94,135,0,0
20200308,211800,0,14.41,0.48,0,0,118.85,0.33,0,0,0.47,23,135,0,0
20200308,211900,0,14.64,0.49,0,0,120.8,0.33,0,0,0.45,23,135,0,0
20200308,212000,0,15.42,0.51,0,0,127.23,0.35,0,0,0.47,23.12,135,0,0
20200308,212100,0,14.67,0.49,0,0,121.01,0.33,0,0,0.47,23.06,135,0,0
20200308,212200,0,14.38,0.48,0,0,118.66,0.33,0,0,0.49,23.12,135,0,0
20200308,212300,0,14.32,0.48,0,0,118.15,0.32,0,0,0.5,22.88,135,0,0
20200308,212400,0,14.46,0.48,0,0,119.28,0.33,0,0,0.49,22.75,135,0,0
20200308,212500,0,13.88,0.46,0,0,114.52,0.31,0,0,0.51,22.75,135,0,0
20200308,212600,0,13.74,0.46,0,0,113.34,0.31,0,0,0.5,22.62,135,0,0
20200308,212700,0,13.48,0.45,0,0,111.2,0.31,0,0,0.51,22.69,135,0,0
20200308,212800,0,12.43,0.41,0,0,102.52,0.28,0,0,0.5,22.56,135,0,0
20200308,212900,0,13.29,0.44,0,0,109.64,0.3,0,0,0.49,22.25,225,0,0
20200308,213000,0,13.24,0.44,0,0,109.23,0.3,0,0,0.48,22.06,225,0,0
20200308,213100,0,13.38,0.45,0,0,110.42,0.3,0,0,0.48,22.19,225,0,0
20200308,213200,0,12.67,0.42,0,0,104.51,0.29,0,0,0.5,22.31,225,0,0
20200308,213300,0,11.75,0.39,0,0,96.96,0.27,0,0,0.48,22.31,225,0,0
20200308,213400,0,11.97,0.4,0,0,98.78,0.27,0,0,0.48,22.31,225,0,0
20200308,213500,0,11.05,0.37,0,0,91.17,0.25,0,0,0.48,22.38,225,0,0
20200308,213600,0,11.36,0.38,0,0,93.69,0.26,0,0,0.48,22.38,225,0,0
20200308,213700,0,10.97,0.37,0,0,90.51,0.25,0,0,0.48,22.44,225,0,0
20200308,213800,0,10.74,0.36,0,0,88.63,0.24,0,0,0.47,22.56,225,0,0
20200308,213900,0,11.19,0.37,0,0,92.31,0.25,0,0,0.48,22.69,225,0,0
20200308,214000,0,9.53,0.32,0,0,78.61,0.22,0,0,0.47,22.88,225,0,0
20200308,214100,0,10.33,0.34,0,0,85.25,0.23,0,0,0.47,22.88,225,0,0
20200308,214200,0,10.64,0.35,0,0,87.74,0.24,0,0,0.46,23.06,225,0,0
20200308,214300,0,7.86,0.26,0,0,64.85,0.18,0,0,0.48,23.31,180,0,0
20200308,214400,0,8.79,0.29,0,0,72.48,0.2,0,0,0.5,23.44,90,2.66,0
20200308,214500,0,8.32,0.28,0,0,68.67,0.19,0,0,0.49,23.38,90,5.32,0
20200308,214600,0,8.55,0.28,0,0,70.52,0.19,0,0,0.5,23.19,45,3.99,0
20200308,214700,0,9.32,0.31,0,0,76.9,0.21,0,0,0.49,22.81,90,5.32,0
20200308,214800,0,7.86,0.26,0,0,64.86,0.18,0,0,0.48,23.19,90,2.66,0
20200308,214900,0,7.56,0.25,0,0,62.35,0.17,0,0,0.45,22.88,90,0,0
20200308,215000,0,8.46,0.28,0,0,69.8,0.19,0,0,0.47,22.75,90,0,0
20200308,215100,0,7.32,0.24,0,0,60.36,0.17,0,0,0.48,22.75,90,0,0
20200308,215200,0,6.74,0.22,0,0,55.57,0.15,0,0,0.48,22.94,90,0,0
20200308,215300,0,7.01,0.23,0,0,57.81,0.16,0,0,0.46,23.06,45,0,0
20200308,215400,0,6.2,0.21,0,0,51.19,0.14,0,0,0.47,23.31,45,0,0
20200308,215500,0,6.43,0.21,0,0,53.07,0.15,0,0,0.48,23.38,90,0,0
20200308,215600,0,6.47,0.22,0,0,53.36,0.15,0,0,0.5,23.44,45,0,0
20200308,215700,0,6.57,0.22,0,0,54.19,0.15,0,0,0.49,23.62,180,0,0
20200308,215800,0,7.11,0.24,0,0,58.65,0.16,0,0,0.47,23.69,180,0,0
20200308,215900,0,5.77,0.19,0,0,47.57,0.13,0,0,0.47,23.75,180,0,0
20200308,220000,0,6.06,0.2,0,0,49.99,0.14,0,0,0.47,23.88,180,0,0
20200308,220100,0,5.89,0.2,0,0,48.59,0.13,0,0,0.45,23.88,180,0,0
20200308,220200,0,5.74,0.19,0,0,47.32,0.13,0,0,0.47,23.62,180,0,0
20200308,220300,0,5.92,0.2,0,0,48.84,0.13,0,0,0.47,23.31,180,0,0
20200308,220400,0,5.96,0.2,0,0,49.17,0.14,0,0,0.49,23.12,180,0,0
20200308,220500,0,5.77,0.19,0,0,47.6,0.13,0,0,0.5,22.94,180,0,0
20200308,220600,0,6.18,0.21,0,0,51,0.14,0,0,0.49,22.81,135,0,0
20200308,220700,0,6.21,0.21,0,0,51.24,0.14,0,0,0.48,22.69,180,0,0
20200308,220800,0,6.44,0.21,0,0,53.12,0.15,0,0,0.49,22.5,180,3.99,0
20200308,220900,0,5.82,0.19,0,0,48.04,0.13,0,0,0.5,22.75,180,0,0
20200308,221000,0,5.43,0.18,0,0,44.79,0.12,0,0,0.51,22.94,180,3.99,0
20200308,221100,0,5.65,0.19,0,0,46.6,0.13,0,0,0.5,22.94,180,0,0
20200308,221200,0,6.23,0.21,0,0,51.38,0.14,0,0,0.51,22.88,180,0,0
20200308,221300,0,6.01,0.2,0,0,49.55,0.14,0,0,0.5,22.81,180,0,0
20200308,221400,0,6.51,0.22,0,0,53.74,0.15,0,0,0.49,22.56,135,0,0
20200308,221500,0,6.07,0.2,0,0,50.07,0.14,0,0,0.5,22.88,0,5.32,0
20200308,221600,0,5.04,0.17,0,0,41.62,0.11,0,0,0.49,22.88,0,1.33,0
20200308,221700,0,5.57,0.19,0,0,45.99,0.13,0,0,0.46,23,0,6.65,0
20200308,221800,0,5.35,0.18,0,0,44.12,0.12,0,0,0.49,23.06,0,1.33,0
20200308,221900,0,5.83,0.19,0,0,48.12,0.13,0,0,0.48,23.06,0,0,0
20200308,222000,0,5.28,0.18,0,0,43.57,0.12,0,0,0.49,22.94,0,0,0
20200308,222100,0,5.32,0.18,0,0,43.9,0.12,0,0,0.49,23.19,0,0,0
20200308,222200,0,4.57,0.15,0,0,37.74,0.1,0,0,0.5,22.94,0,0,0
20200308,222300,0,5.25,0.17,0,0,43.35,0.12,0,0,0.5,22.81,0,0,0
20200308,222400,0,4.68,0.16,0,0,38.62,0.11,0,0,0.48,23.19,0,0,0
20200308,222500,0,4.4,0.15,0,0,36.32,0.1,0,0,0.47,23.44,0,0,0
20200308,222600,0,4.46,0.15,0,0,36.78,0.1,0,0,0.46,23.19,0,0,0
20200308,222700,0,4.58,0.15,0,0,37.79,0.1,0,0,0.47,23.44,0,0,0
20200308,222800,0,4.61,0.15,0,0,38.03,0.1,0,0,0.47,23.31,0,0,0
20200308,222900,0,4.41,0.15,0,0,36.41,0.1,0,0,0.48,23,0,0,0
20200308,223000,0,4.55,0.15,0,0,37.53,0.1,0,0,0.48,22.94,0,0,0
20200308,223200,0,4.41,0.15,0,0,36.38,0.1,0,0,0.5,22.62,0,0,0
20200308,223300,0,4.52,0.15,0,0,37.33,0.1,0,0,0.49,22.69,0,0,0
20200308,223400,0,4.89,0.16,0,0,40.38,0.11,0,0,0.48,22.56,0,0,0
20200308,223500,0,4.33,0.14,0,0,35.73,0.1,0,0,0.49,22.62,0,0,0
20200308,223600,0,5.02,0.17,0,0,41.45,0.11,0,0,0.49,22.25,180,9.31,0
20200308,223700,0,4.28,0.14,0,0,35.34,0.1,0,0,0.5,22.38,180,2.66,0
20200308,223800,0,4.64,0.15,0,0,38.28,0.11,0,0,0.49,22.38,180,6.65,0
20200308,223900,0,4.27,0.14,0,0,35.23,0.1,0,0,0.48,22.12,180,0,0
20200308,224000,0,4.76,0.16,0,0,39.29,0.11,0,0,0.48,21.94,180,0,0
20200308,224100,0,4.58,0.15,0,0,37.8,0.1,0,0,0.49,22.25,180,0,0
20200308,224200,0,4.47,0.15,0,0,36.91,0.1,0,0,0.49,22.25,180,0,0
20200308,224300,0,4.95,0.16,0,0,40.86,0.11,0,0,0.49,21.94,180,0,0
20200308,224400,0,4.62,0.15,0,0,38.13,0.1,0,0,0.49,22,180,0,0
20200308,224500,0,4.56,0.15,0,0,37.66,0.1,0,0,0.51,22.25,135,0,0
20200308,224600,0,3.75,0.12,0,0,30.94,0.09,0,0,0.52,22.19,0,1.33,0
20200308,224700,0,3.88,0.13,0,0,31.97,0.09,0,0,0.52,22.69,0,7.98,0
20200308,224800,0,3.86,0.13,0,0,31.85,0.09,0,0,0.51,22.81,90,7.98,0
20200308,224900,0,3.76,0.13,0,0,31.02,0.09,0,0,0.5,22.75,270,1.33,0
20200308,225000,0,3.35,0.11,0,0,27.62,0.08,0,0,0.49,22.88,335,6.65,0
20200308,225100,0,3.33,0.11,0,0,27.47,0.08,0,0,0.48,22.81,335,0,0
20200308,225200,0,3.43,0.11,0,0,28.34,0.08,0,0,0.47,22.81,335,0,0
20200308,225300,0,3.37,0.11,0,0,27.77,0.08,0,0,0.48,23.12,270,0,0
20200308,225400,0,3.44,0.11,0,0,28.39,0.08,0,0,0.48,23.31,270,0,0
20200308,225500,0,3.54,0.12,0,0,29.22,0.08,0,0,0.48,23.44,135,3.99,0
20200308,225600,0,3.55,0.12,0,0,29.32,0.08,0,0,0.48,23.25,135,0,0
20200308,225700,0,3.78,0.13,0,0,31.22,0.09,0,0,0.47,23.06,135,0,0
20200308,225800,0,3.63,0.12,0,0,29.92,0.08,0,0,0.46,23.19,180,0,0
20200308,225900,0,3.38,0.11,0,0,27.88,0.08,0,0,0.47,23,180,5.32,0
20200308,230000,0,3.23,0.11,0,0,26.64,0.07,0,0,0.47,22.94,180,0,0
20200308,230100,0,3.98,0.13,0,0,32.84,0.09,0,0,0.46,22.88,180,0,0
20200308,230200,0,3.23,0.11,0,0,26.66,0.07,0,0,0.48,22.81,180,0,0
20200308,230300,0,3.28,0.11,0,0,27.03,0.07,0,0,0.47,22.94,135,3.99,0
20200308,230400,0,3.37,0.11,0,0,27.82,0.08,0,0,0.46,22.81,135,3.99,0
20200308,230500,0,3.86,0.13,0,0,31.83,0.09,0,0,0.45,22.62,135,5.32,0
20200308,230600,0,3.84,0.13,0,0,31.71,0.09,0,0,0.46,22.94,135,1.33,0
20200308,230700,0,3.33,0.11,0,0,27.48,0.08,0,0,0.47,22.94,90,10.64,0
20200308,230800,0,4.12,0.14,0,0,33.98,0.09,0,0,0.46,22.94,90,9.31,0
20200308,230900,0,3.46,0.12,0,0,28.58,0.08,0,0,0.46,23.12,90,5.32,0
20200308,231000,0,3.82,0.13,0,0,31.5,0.09,0,0,0.47,23.25,90,6.65,0
20200308,231100,0,3.58,0.12,0,0,29.51,0.08,0,0,0.46,23.12,90,9.31,0
20200308,231200,0,3.73,0.12,0,0,30.75,0.08,0,0,0.47,23.38,135,15.96,0
20200308,231300,0,3.5,0.12,0,0,28.91,0.08,0,0,0.47,23.56,90,11.97,0
20200308,231400,0,4.3,0.14,0,0,35.47,0.1,0,0,0.49,23.81,180,3.99,0
20200308,231500,0,3.73,0.12,0,0,30.81,0.08,0,0,0.47,23.5,335,6.65,0
20200308,231600,0,3.69,0.12,0,0,30.45,0.08,0,0,0.46,23.44,90,14.63,0
20200308,231700,0,3.66,0.12,0,0,30.21,0.08,0,0,0.46,23.31,135,3.99,0
20200308,231800,0,3.75,0.12,0,0,30.94,0.09,0,0,0.46,23.44,90,17.29,0
20200308,231900,0,3.3,0.11,0,0,27.21,0.07,0,0,0.44,23.62,135,7.98,0
20200308,232000,0,3.4,0.11,0,0,28.04,0.08,0,0,0.44,23.69,270,6.65,0
20200308,232100,0,3.32,0.11,0,0,27.41,0.08,0,0,0.44,23.62,135,3.99,0
20200308,232200,0,3.56,0.12,0,0,29.35,0.08,0,0,0.45,23.25,90,2.66,0
20200308,232300,0,3.41,0.11,0,0,28.16,0.08,0,0,0.46,23.25,135,3.99,0
20200308,232400,0,3.6,0.12,0,0,29.73,0.08,0,0,0.45,23.31,180,2.66,0
20200308,232500,0,2.87,0.1,0,0,23.65,0.06,0,0,0.46,23.56,135,9.31,0
20200308,232600,0,3.22,0.11,0,0,26.61,0.07,0,0,0.47,23.38,135,5.32,0
20200308,232700,0,3.5,0.12,0,0,28.9,0.08,0,0,0.47,23.5,135,9.31,0
20200308,232800,0,3.08,0.1,0,0,25.44,0.07,0,0,0.46,23.38,180,2.66,0
20200308,232900,0,3.18,0.11,0,0,26.24,0.07,0,0,0.47,23.62,135,3.99,0
20200308,233000,0,2.99,0.1,0,0,24.7,0.07,0,0,0.46,23.56,180,6.65,0
20200308,233100,0,2.81,0.09,0,0,23.18,0.06,0,0,0.48,23.5,45,7.98,0
20200308,233200,0,3.2,0.11,0,0,26.37,0.07,0,0,0.49,23.44,180,11.97,0
20200308,233300,0,2.98,0.1,0,0,24.62,0.07,0,0,0.49,23.62,45,11.97,0
20200308,233400,0,2.99,0.1,0,0,24.67,0.07,0,0,0.49,23.69,45,2.66,0
20200308,233500,0,2.77,0.09,0,0,22.87,0.06,0,0,0.47,23.44,90,7.98,0
20200308,233600,0,2.94,0.1,0,0,24.27,0.07,0,0,0.46,23.56,180,10.64,0
20200308,233700,0,3.25,0.11,0,0,26.8,0.07,0,0,0.46,23.44,335,6.65,0
20200308,233800,0,2.93,0.1,0,0,24.19,0.07,0,0,0.46,23.75,135,6.65,0
20200308,233900,0,2.74,0.09,0,0,22.61,0.06,0,0,0.46,23.88,0,11.97,0
20200308,234000,0,2.59,0.09,0,0,21.35,0.06,0,0,0.46,23.75,90,7.98,0
20200308,234100,0,2.67,0.09,0,0,22.05,0.06,0,0,0.46,23.94,135,9.31,0
20200308,234200,0,3.14,0.1,0,0,25.89,0.07,0,0,0.45,23.88,135,7.98,0
20200308,234300,0,3.25,0.11,0,0,26.78,0.07,0,0,0.45,23.81,225,5.32,0
20200308,234400,0,2.94,0.1,0,0,24.24,0.07,0,0,0.46,23.75,135,6.65,0
20200308,234500,0,2.57,0.09,0,0,21.18,0.06,0,0,0.47,23.56,90,9.31,0
20200308,234600,0,3.38,0.11,0,0,27.9,0.08,0,0,0.48,23.5,135,7.98,0
20200308,234700,0,2.97,0.1,0,0,24.52,0.07,0,0,0.48,23.75,135,23.94,0
20200308,234800,0,2.83,0.09,0,0,23.35,0.06,0,0,0.48,23.75,180,7.98,0
20200308,234900,0,2.65,0.09,0,0,21.87,0.06,0,0,0.47,23.69,135,7.98,0
20200308,235000,0,3.14,0.1,0,0,25.9,0.07,0,0,0.48,23.81,45,2.66,0
20200308,235100,0,3.32,0.11,0,0,27.36,0.08,0,0,0.5,23.69,135,2.66,0
20200308,235200,0,2.81,0.09,0,0,23.16,0.06,0,0,0.47,23.5,135,7.98,0
20200308,235300,0,2.59,0.09,0,0,21.35,0.06,0,0,0.47,23.75,90,19.95,0
20200308,235400,0,3.12,0.1,0,0,25.71,0.07,0,0,0.48,23.81,90,26.6,0
20200308,235500,0,3.05,0.1,0,0,25.13,0.07,0,0,0.47,23.81,135,6.65,0
20200308,235600,0,2.59,0.09,0,0,21.4,0.06,0,0,0.49,23.69,135,6.65,0
20200308,235700,0,2.61,0.09,0,0,21.56,0.06,0,0,0.49,23.81,135,7.98,0
20200308,235800,0,2.9,0.1,0,0,23.95,0.07,0,0,0.46,23.62,135,2.66,0
20200308,235900,0,3.24,0.11,0,0,26.77,0.07,0,0,0.45,23.62,45,6.65,0